<?xml version="1.0" encoding="UTF-8" standalone="no"?>
<!-- pycsw 2.4.0 -->
<csw:GetRecordByIdResponse xmlns:csw="http://www.opengis.net/cat/csw/2.0.2" xmlns:dc="http://purl.org/dc/elements/1.1/" xmlns:dct="http://purl.org/dc/terms/" xmlns:gmd="http://www.isotc211.org/2005/gmd" xmlns:gml="http://www.opengis.net/gml" xmlns:ows="http://www.opengis.net/ows" xmlns:xs="http://www.w3.org/2001/XMLSchema" xmlns:xsi="http://www.w3.org/2001/XMLSchema-instance" xsi:schemaLocation="http://www.opengis.net/cat/csw/2.0.2 http://schemas.opengis.net/csw/2.0.2/CSW-discovery.xsd">
  <metadata xsi:noNamespaceSchemaLocation="http://www.fgdc.gov/metadata/fgdc-std-001-1998.xsd">
    <idinfo>
      <datasetid>9bab5042-a6c4-11eb-b7fc-0242ac120004</datasetid>
      <citation>
        <citeinfo>
          <title>Lago Enriquillo</title>
          <publinfo>
            <publish>Dirección de Cartografía</publish>
          </publinfo>
          <origin>Dirección de Cartografía</origin>
          <geoform>vector</geoform>
          <onlink></onlink>
          <onlink type="WWW:DOWNLOAD-1.0-http--download">http://iderd.ign.gob.do:80/download/131</onlink>
          <onlink type="WWW:DOWNLOAD-1.0-http--download">http://iderd.ign.gob.do:80/geoserver/ows?layers=geonode%3ARD_LagoEnriquillo&amp;service=WMS&amp;format=image%2Fjpeg&amp;request=GetMap&amp;height=550&amp;width=550&amp;bbox=200017.812500000000000%2C2036736.000000000000000%2C239602.843750000000000%2C2055162.125000000000000&amp;srs=EPSG%3A32619</onlink>
          <onlink type="WWW:DOWNLOAD-1.0-http--download">http://iderd.ign.gob.do:80/geoserver/ows?layers=geonode%3ARD_LagoEnriquillo&amp;service=WMS&amp;format=application%2Fpdf&amp;request=GetMap&amp;height=550&amp;width=550&amp;bbox=200017.812500000000000%2C2036736.000000000000000%2C239602.843750000000000%2C2055162.125000000000000&amp;srs=EPSG%3A32619</onlink>
          <onlink type="WWW:DOWNLOAD-1.0-http--download">http://iderd.ign.gob.do:80/geoserver/ows?layers=geonode%3ARD_LagoEnriquillo&amp;service=WMS&amp;format=image%2Fpng&amp;request=GetMap&amp;height=550&amp;width=550&amp;bbox=200017.812500000000000%2C2036736.000000000000000%2C239602.843750000000000%2C2055162.125000000000000&amp;srs=EPSG%3A32619</onlink>
          <onlink type="WWW:DOWNLOAD-1.0-http--download">http://iderd.ign.gob.do:80/geoserver/ows?outputFormat=SHAPE-ZIP&amp;service=WFS&amp;srs=EPSG%3A32619&amp;request=GetFeature&amp;format_options=charset%3AUTF-8&amp;typename=geonode%3ARD_LagoEnriquillo&amp;version=1.0.0</onlink>
          <onlink type="WWW:DOWNLOAD-1.0-http--download">http://iderd.ign.gob.do:80/geoserver/ows?outputFormat=gml2&amp;service=WFS&amp;srs=EPSG%3A32619&amp;request=GetFeature&amp;typename=geonode%3ARD_LagoEnriquillo&amp;version=1.0.0</onlink>
          <onlink type="WWW:DOWNLOAD-1.0-http--download">http://iderd.ign.gob.do:80/geoserver/ows?outputFormat=text%2Fxml%3B+subtype%3Dgml%2F3.1.1&amp;service=WFS&amp;srs=EPSG%3A32619&amp;request=GetFeature&amp;typename=geonode%3ARD_LagoEnriquillo&amp;version=1.0.0</onlink>
          <onlink type="WWW:DOWNLOAD-1.0-http--download">http://iderd.ign.gob.do:80/geoserver/ows?outputFormat=csv&amp;service=WFS&amp;srs=EPSG%3A32619&amp;request=GetFeature&amp;typename=geonode%3ARD_LagoEnriquillo&amp;version=1.0.0</onlink>
          <onlink type="WWW:DOWNLOAD-1.0-http--download">http://iderd.ign.gob.do:80/geoserver/ows?outputFormat=excel&amp;service=WFS&amp;srs=EPSG%3A32619&amp;request=GetFeature&amp;typename=geonode%3ARD_LagoEnriquillo&amp;version=1.0.0</onlink>
          <onlink type="WWW:DOWNLOAD-1.0-http--download">http://iderd.ign.gob.do:80/geoserver/ows?srsName=EPSG%3A32619&amp;outputFormat=json&amp;service=WFS&amp;srs=EPSG%3A32619&amp;request=GetFeature&amp;typename=geonode%3ARD_LagoEnriquillo&amp;version=1.0.0</onlink>
          <onlink type="WWW:DOWNLOAD-1.0-http--download">http://iderd.ign.gob.do:80/geoserver/ows?outputFormat=SHAPE-ZIP&amp;service=WFS&amp;srs=EPSG%3A32619&amp;request=GetFeature&amp;format_options=charset%3AUTF-8&amp;typename=geonode%3ARD_LagoEnriquillo&amp;version=1.0.0</onlink>
          <onlink type="WWW:LINK-1.0-http--link">http://iderd.ign.gob.do:80/layers/geonode_data:geonode:RD_LagoEnriquillo</onlink>
          <onlink type="WWW:DOWNLOAD-1.0-http--download">http://iderd.ign.gob.do:80/geoserver/ows?service=WMS&amp;request=GetLegendGraphic&amp;format=image/png&amp;WIDTH=20&amp;HEIGHT=20&amp;LAYER=geonode:RD_LagoEnriquillo&amp;STYLE=RD_LagoEnriquillo&amp;legend_options=fontAntiAliasing:true;fontSize:12;forceLabels:on</onlink>
          <onlink type="WWW:DOWNLOAD-1.0-http--download">18.5711367925</onlink>
          <onlink type="WWW:DOWNLOAD-1.0-http--download">http://iderd.ign.gob.do:80/uploaded/thumbs/layer-9bab5042-a6c4-11eb-b7fc-0242ac120004-thumb.png</onlink>
          <onlink type="OGC:WMS">http://iderd.ign.gob.do:80/geoserver/ows</onlink>
          <onlink type="OGC:WFS">http://iderd.ign.gob.do:80/geoserver/ows</onlink>
        </citeinfo>
      </citation>
      <keywords>
        <theme>
          <themekey>Isla Cabritos</themekey>
          <themekey>Lago Enriquillo</themekey>
          <themekey>República Dominicana</themekey>
        </theme>
      </keywords>
      <accconst></accconst>
      <descript>
        <abstract>Capa cartográfica de la lámina de agua del Lago Enriquillo y la isla Cabritos. Lago interno de la República Dominicana, salado y situado bajo el nivel del mar.</abstract>
      </descript>
      <spdom>
        <bounding>
          <westbc>-71.841963</westbc>
          <eastbc>-71.464838</eastbc>
          <northbc>18.571137</northbc>
          <southbc>18.399527</southbc>
        </bounding>
      </spdom>
      <datacred>Dirección de Cartografía</datacred>
      <spdoinfo>
        <direct>dataset</direct>
      </spdoinfo>
    </idinfo>
    <distinfo>
      <stdorder>
        <digform>
          <digtinfo>
            <formname>vector</formname>
          </digtinfo>
        </digform>
      </stdorder>
    </distinfo>
    <lineage>
      <srcinfo>
        <srccite>
          <citeinfo>
            <title></title>
          </citeinfo>
        </srccite>
      </srcinfo>
    </lineage>
    <metainfo>
      <metd>2020-08-31T15:21:00Z</metd>
    </metainfo>
  </metadata>
</csw:GetRecordByIdResponse>
