<?xml version="1.0" encoding="UTF-8" standalone="no"?>
<!-- pycsw 2.4.0 -->
<csw:GetRecordByIdResponse xmlns:atom="http://www.w3.org/2005/Atom" xmlns:csw="http://www.opengis.net/cat/csw/2.0.2" xmlns:dc="http://purl.org/dc/elements/1.1/" xmlns:dct="http://purl.org/dc/terms/" xmlns:gmd="http://www.isotc211.org/2005/gmd" xmlns:gml="http://www.opengis.net/gml" xmlns:ows="http://www.opengis.net/ows" xmlns:xs="http://www.w3.org/2001/XMLSchema" xmlns:xsi="http://www.w3.org/2001/XMLSchema-instance" xsi:schemaLocation="http://www.opengis.net/cat/csw/2.0.2 http://schemas.opengis.net/csw/2.0.2/CSW-discovery.xsd">
  <atom:entry xmlns:georss="http://www.georss.org/georss" xsi:schemaLocation="http://www.w3.org/2005/Atom http://www.kbcafe.com/rss/atom.xsd.xml">
    <atom:author>
      <atom:name>Dirección de Cartografía</atom:name>
    </atom:author>
    <atom:category term="DOMINGO"/>
    <atom:category term="ESPAÑOLA"/>
    <atom:category term="ISLAS"/>
    <atom:category term="LA ESPAÑOLA"/>
    <atom:category term="QUISQUEYA"/>
    <atom:category term="REPUBLICA DOMINICANA"/>
    <atom:category term="SANTO"/>
    <atom:contributor>Dirección de Cartografía</atom:contributor>
    <atom:id>22b1e3be-7f7b-11ec-957e-0242ac120005</atom:id>
    <dc:identifier>22b1e3be-7f7b-11ec-957e-0242ac120005</dc:identifier>
    <atom:link href="http://iderd.ign.gob.do:80/download/158" title="Isla de La Española (Original Dataset Format)" type="WWW:DOWNLOAD-1.0-http--download"/>
    <atom:link href="http://iderd.ign.gob.do:80/geoserver/ows?layers=geonode%3ARD_LaEspanola_20211130&amp;service=WMS&amp;format=image%2Fjpeg&amp;request=GetMap&amp;height=550&amp;width=550&amp;bbox=-79563.468750000000000%2C1933557.000000000000000%2C571428.437500000000000%2C2225979.750000000000000&amp;srs=EPSG%3A32619" title="Isla de La Española (JPEG Format)" type="WWW:DOWNLOAD-1.0-http--download"/>
    <atom:link href="http://iderd.ign.gob.do:80/geoserver/ows?layers=geonode%3ARD_LaEspanola_20211130&amp;service=WMS&amp;format=application%2Fpdf&amp;request=GetMap&amp;height=550&amp;width=550&amp;bbox=-79563.468750000000000%2C1933557.000000000000000%2C571428.437500000000000%2C2225979.750000000000000&amp;srs=EPSG%3A32619" title="Isla de La Española (PDF Format)" type="WWW:DOWNLOAD-1.0-http--download"/>
    <atom:link href="http://iderd.ign.gob.do:80/geoserver/ows?layers=geonode%3ARD_LaEspanola_20211130&amp;service=WMS&amp;format=image%2Fpng&amp;request=GetMap&amp;height=550&amp;width=550&amp;bbox=-79563.468750000000000%2C1933557.000000000000000%2C571428.437500000000000%2C2225979.750000000000000&amp;srs=EPSG%3A32619" title="Isla de La Española (PNG Format)" type="WWW:DOWNLOAD-1.0-http--download"/>
    <atom:link href="http://iderd.ign.gob.do:80/geoserver/ows?outputFormat=SHAPE-ZIP&amp;service=WFS&amp;srs=EPSG%3A32619&amp;request=GetFeature&amp;format_options=charset%3AUTF-8&amp;typename=geonode%3ARD_LaEspanola_20211130&amp;version=1.0.0" title="Isla de La Española (Zipped Shapefile Format)" type="WWW:DOWNLOAD-1.0-http--download"/>
    <atom:link href="http://iderd.ign.gob.do:80/geoserver/ows?outputFormat=gml2&amp;service=WFS&amp;srs=EPSG%3A32619&amp;request=GetFeature&amp;typename=geonode%3ARD_LaEspanola_20211130&amp;version=1.0.0" title="Isla de La Española (GML 2.0 Format)" type="WWW:DOWNLOAD-1.0-http--download"/>
    <atom:link href="http://iderd.ign.gob.do:80/geoserver/ows?outputFormat=text%2Fxml%3B+subtype%3Dgml%2F3.1.1&amp;service=WFS&amp;srs=EPSG%3A32619&amp;request=GetFeature&amp;typename=geonode%3ARD_LaEspanola_20211130&amp;version=1.0.0" title="Isla de La Española (GML 3.1.1 Format)" type="WWW:DOWNLOAD-1.0-http--download"/>
    <atom:link href="http://iderd.ign.gob.do:80/geoserver/ows?outputFormat=csv&amp;service=WFS&amp;srs=EPSG%3A32619&amp;request=GetFeature&amp;typename=geonode%3ARD_LaEspanola_20211130&amp;version=1.0.0" title="Isla de La Española (CSV Format)" type="WWW:DOWNLOAD-1.0-http--download"/>
    <atom:link href="http://iderd.ign.gob.do:80/geoserver/ows?outputFormat=excel&amp;service=WFS&amp;srs=EPSG%3A32619&amp;request=GetFeature&amp;typename=geonode%3ARD_LaEspanola_20211130&amp;version=1.0.0" title="Isla de La Española (Excel Format)" type="WWW:DOWNLOAD-1.0-http--download"/>
    <atom:link href="http://iderd.ign.gob.do:80/geoserver/ows?srsName=EPSG%3A32619&amp;outputFormat=json&amp;service=WFS&amp;srs=EPSG%3A32619&amp;request=GetFeature&amp;typename=geonode%3ARD_LaEspanola_20211130&amp;version=1.0.0" title="Isla de La Española (GeoJSON Format)" type="WWW:DOWNLOAD-1.0-http--download"/>
    <atom:link href="http://iderd.ign.gob.do:80/geoserver/ows?outputFormat=SHAPE-ZIP&amp;service=WFS&amp;srs=EPSG%3A32619&amp;request=GetFeature&amp;format_options=charset%3AUTF-8&amp;typename=geonode%3ARD_LaEspanola_20211130&amp;version=1.0.0" title="Isla de La Española (Shapefile Comprimido Format)" type="WWW:DOWNLOAD-1.0-http--download"/>
    <atom:link href="http://iderd.ign.gob.do:80/layers/geonode_data:geonode:RD_LaEspanola_20211130" title="Web address (URL)" type="WWW:LINK-1.0-http--link"/>
    <atom:link href="http://iderd.ign.gob.do:80/geoserver/ows?service=WMS&amp;request=GetLegendGraphic&amp;format=image/png&amp;WIDTH=20&amp;HEIGHT=20&amp;LAYER=geonode:RD_LaEspanola_20211130&amp;STYLE=RD_LaEspanola_20211130&amp;legend_options=fontAntiAliasing:true;fontSize:12;forceLabels:on" title="Isla de La Española (Legend Format)" type="WWW:DOWNLOAD-1.0-http--download"/>
    <atom:link href="20.1296921507" title="Isla de La Española (Remote Thumbnail Format)" type="WWW:DOWNLOAD-1.0-http--download"/>
    <atom:link href="http://iderd.ign.gob.do:80/uploaded/thumbs/layer-22b1e3be-7f7b-11ec-957e-0242ac120005-thumb.png" title="Isla de La Española (Thumbnail Format)" type="WWW:DOWNLOAD-1.0-http--download"/>
    <atom:link href="http://iderd.ign.gob.do:80/geoserver/ows" title="OGC WMS: geonode Service" type="OGC:WMS"/>
    <atom:link href="http://iderd.ign.gob.do:80/geoserver/ows" title="OGC WFS: geonode Service" type="OGC:WFS"/>
    <atom:link href="http://iderd.ign.gob.do:80/catalogue/csw?service=CSW&amp;version=2.0.2&amp;request=GetRepositoryItem&amp;id=22b1e3be-7f7b-11ec-957e-0242ac120005"/>
    <atom:title>Isla de La Española</atom:title>
    <atom:updated>2020-09-02T09:12:00Z</atom:updated>
    <atom:published>2020-09-02T09:12:00Z</atom:published>
    <atom:summary>Capa cartográfica correspondiente al contorno de la isla de La Española, que muestra la división de países existentes ya que la República Dominicana y la República de Haití comparten el territorio de la isla.</atom:summary>
    <georss:where>
      <gml:Envelope srsName="http://www.opengis.net/def/crs/EPSG/0/4326">
        <gml:lowerCorner>17.413415 -74.535387</gml:lowerCorner>
        <gml:upperCorner>20.129692 -68.316613</gml:upperCorner>
      </gml:Envelope>
    </georss:where>
  </atom:entry>
</csw:GetRecordByIdResponse>
