<?xml version="1.0" encoding="UTF-8" standalone="no"?>
<!-- pycsw 2.4.0 -->
<csw:GetRecordByIdResponse xmlns:csw="http://www.opengis.net/cat/csw/2.0.2" xmlns:dc="http://purl.org/dc/elements/1.1/" xmlns:dct="http://purl.org/dc/terms/" xmlns:gmd="http://www.isotc211.org/2005/gmd" xmlns:gml="http://www.opengis.net/gml" xmlns:ows="http://www.opengis.net/ows" xmlns:rim="urn:oasis:names:tc:ebxml-regrep:xsd:rim:3.0" xmlns:xs="http://www.w3.org/2001/XMLSchema" xmlns:xsi="http://www.w3.org/2001/XMLSchema-instance" xsi:schemaLocation="http://www.opengis.net/cat/csw/2.0.2 http://schemas.opengis.net/csw/2.0.2/CSW-discovery.xsd">
  <rim:ExtrinsicObject xsi:schemaLocation="http://www.opengis.net/cat/wrs/1.0 http://schemas.opengis.net/csw/2.0.2/profiles/ebrim/1.0/csw-ebrim.xsd" id="22b1e3be-7f7b-11ec-957e-0242ac120005" lid="22b1e3be-7f7b-11ec-957e-0242ac120005" objectType="dataset" status="urn:oasis:names:tc:ebxml-regrep:StatusType:Submitted">
    <rim:VersionInfo versionName=""/>
    <rim:ExternalIdentifier id="22b1e3be-7f7b-11ec-957e-0242ac120005" identificationScheme="foo" registryObject="None" value="22b1e3be-7f7b-11ec-957e-0242ac120005"/>
    <rim:Name>
      <rim:LocalizedString value="Isla de La Española"/>
    </rim:Name>
    <rim:Description>
      <rim:LocalizedString value="Capa cartográfica correspondiente al contorno de la isla de La Española, que muestra la división de países existentes ya que la República Dominicana y la República de Haití comparten el territorio de la isla."/>
    </rim:Description>
    <rim:Slot slotType="urn:ogc:def:dataType:ISO-19107:2003:GM_Envelope">
      <rim:ValueList>
        <rim:Value>
          <ows:BoundingBox crs="urn:x-ogc:def:crs:EPSG:6.11:4326" dimensions="2">
            <ows:LowerCorner>17.413415 -74.535387</ows:LowerCorner>
            <ows:UpperCorner>20.129692 -68.316613</ows:UpperCorner>
          </ows:BoundingBox>
        </rim:Value>
      </rim:ValueList>
    </rim:Slot>
    <rim:Slot name="http://purl.org/dc/elements/1.1/subject">
      <rim:ValueList>
        <rim:Value>DOMINGO</rim:Value>
        <rim:Value>ESPAÑOLA</rim:Value>
        <rim:Value>ISLAS</rim:Value>
        <rim:Value>LA ESPAÑOLA</rim:Value>
        <rim:Value>QUISQUEYA</rim:Value>
        <rim:Value>REPUBLICA DOMINICANA</rim:Value>
        <rim:Value>SANTO</rim:Value>
      </rim:ValueList>
    </rim:Slot>
  </rim:ExtrinsicObject>
</csw:GetRecordByIdResponse>
