<?xml version="1.0" encoding="UTF-8" standalone="no"?>
<!-- pycsw 2.4.0 -->
<csw:GetRecordByIdResponse xmlns:csw="http://www.opengis.net/cat/csw/2.0.2" xmlns:dc="http://purl.org/dc/elements/1.1/" xmlns:dct="http://purl.org/dc/terms/" xmlns:dif="http://gcmd.gsfc.nasa.gov/Aboutus/xml/dif/" xmlns:gmd="http://www.isotc211.org/2005/gmd" xmlns:gml="http://www.opengis.net/gml" xmlns:ows="http://www.opengis.net/ows" xmlns:xs="http://www.w3.org/2001/XMLSchema" xmlns:xsi="http://www.w3.org/2001/XMLSchema-instance" xsi:schemaLocation="http://www.opengis.net/cat/csw/2.0.2 http://schemas.opengis.net/csw/2.0.2/CSW-discovery.xsd">
  <dif:DIF xsi:schemaLocation="http://gcmd.gsfc.nasa.gov/Aboutus/xml/dif/ http://gcmd.gsfc.nasa.gov/Aboutus/xml/dif/dif.xsd">
    <dif:Entry_ID>bb4a17e4-7f77-11ec-8a3d-0242ac120005</dif:Entry_ID>
    <dif:Entry_Title>Islas Adyacentes a la República Dominicana</dif:Entry_Title>
    <dif:Data_Set_Citation>
      <dif:Dataset_Creator>Dirección de Cartografía</dif:Dataset_Creator>
      <dif:Dataset_Release_Date>2022-01-26T09:20:00Z</dif:Dataset_Release_Date>
      <dif:Dataset_Publisher>Dirección de Cartografía</dif:Dataset_Publisher>
      <dif:Data_Presentation_Form>vector</dif:Data_Presentation_Form>
    </dif:Data_Set_Citation>
    <dif:ISO_Topic_Category/>
    <dif:Keyword>ADYACENTES</dif:Keyword>
    <dif:Keyword>ALTO</dif:Keyword>
    <dif:Keyword>BEATA</dif:Keyword>
    <dif:Keyword>CABRA</dif:Keyword>
    <dif:Keyword>CABRITOS</dif:Keyword>
    <dif:Keyword>CATALINA</dif:Keyword>
    <dif:Keyword>CATALINITA</dif:Keyword>
    <dif:Keyword>CAYO</dif:Keyword>
    <dif:Keyword>HERMANOS</dif:Keyword>
    <dif:Keyword>ISLAS</dif:Keyword>
    <dif:Keyword>LEVANTADO</dif:Keyword>
    <dif:Keyword>REPUBLICA DOMINICANA</dif:Keyword>
    <dif:Keyword>SAONA</dif:Keyword>
    <dif:Keyword>SIETE</dif:Keyword>
    <dif:Keyword>VELO</dif:Keyword>
    <dif:Temporal_Coverage>
      <dif:Start_Date/>
      <dif:End_Date/>
    </dif:Temporal_Coverage>
    <dif:Spatial_Coverage>
      <dif:Southernmost_Latitude>17.468065</dif:Southernmost_Latitude>
      <dif:Northernmost_Latitude>19.920402</dif:Northernmost_Latitude>
      <dif:Westernmost_Longitude>-71.865219</dif:Westernmost_Longitude>
      <dif:Easternmost_Longitude>-68.56393</dif:Easternmost_Longitude>
    </dif:Spatial_Coverage>
    <dif:Access_Constraints/>
    <dif:Data_Set_Language>spa</dif:Data_Set_Language>
    <dif:Originating_Center>Instituto Geográfico Nacional "José Joaquín Hungría Morell" (IGN-JJHM)</dif:Originating_Center>
    <dif:Summary>Capa cartográfica que muestra las más relevantes islas adyacentes a la República Dominicana.</dif:Summary>
    <dif:DIF_Creation_Date>2022-01-26T09:20:00Z</dif:DIF_Creation_Date>
    <dif:Related_URL>
      <dif:URL/>
    </dif:Related_URL>
    <dif:Related_URL>
      <dif:URL_Content_Type>
        <dif:Type>WWW:DOWNLOAD-1.0-http--download</dif:Type>
      </dif:URL_Content_Type>
      <dif:URL>http://iderd.ign.gob.do:80/download/157</dif:URL>
      <dif:Description>Islas Adyacentes a la República Dominicana (Original Dataset Format)</dif:Description>
    </dif:Related_URL>
    <dif:Related_URL>
      <dif:URL_Content_Type>
        <dif:Type>WWW:DOWNLOAD-1.0-http--download</dif:Type>
      </dif:URL_Content_Type>
      <dif:URL>http://iderd.ign.gob.do:80/geoserver/ows?layers=geonode%3ARD_Islas_20211130&amp;service=WMS&amp;format=image%2Fjpeg&amp;request=GetMap&amp;height=550&amp;width=550&amp;bbox=199993.515625000000000%2C1933557.000000000000000%2C545638.437500000000000%2C2202732.250000000000000&amp;srs=EPSG%3A32619</dif:URL>
      <dif:Description>Islas Adyacentes a la República Dominicana (JPEG Format)</dif:Description>
    </dif:Related_URL>
    <dif:Related_URL>
      <dif:URL_Content_Type>
        <dif:Type>WWW:DOWNLOAD-1.0-http--download</dif:Type>
      </dif:URL_Content_Type>
      <dif:URL>http://iderd.ign.gob.do:80/geoserver/ows?layers=geonode%3ARD_Islas_20211130&amp;service=WMS&amp;format=application%2Fpdf&amp;request=GetMap&amp;height=550&amp;width=550&amp;bbox=199993.515625000000000%2C1933557.000000000000000%2C545638.437500000000000%2C2202732.250000000000000&amp;srs=EPSG%3A32619</dif:URL>
      <dif:Description>Islas Adyacentes a la República Dominicana (PDF Format)</dif:Description>
    </dif:Related_URL>
    <dif:Related_URL>
      <dif:URL_Content_Type>
        <dif:Type>WWW:DOWNLOAD-1.0-http--download</dif:Type>
      </dif:URL_Content_Type>
      <dif:URL>http://iderd.ign.gob.do:80/geoserver/ows?layers=geonode%3ARD_Islas_20211130&amp;service=WMS&amp;format=image%2Fpng&amp;request=GetMap&amp;height=550&amp;width=550&amp;bbox=199993.515625000000000%2C1933557.000000000000000%2C545638.437500000000000%2C2202732.250000000000000&amp;srs=EPSG%3A32619</dif:URL>
      <dif:Description>Islas Adyacentes a la República Dominicana (PNG Format)</dif:Description>
    </dif:Related_URL>
    <dif:Related_URL>
      <dif:URL_Content_Type>
        <dif:Type>WWW:DOWNLOAD-1.0-http--download</dif:Type>
      </dif:URL_Content_Type>
      <dif:URL>http://iderd.ign.gob.do:80/geoserver/ows?outputFormat=SHAPE-ZIP&amp;service=WFS&amp;srs=EPSG%3A32619&amp;request=GetFeature&amp;format_options=charset%3AUTF-8&amp;typename=geonode%3ARD_Islas_20211130&amp;version=1.0.0</dif:URL>
      <dif:Description>Islas Adyacentes a la República Dominicana (Zipped Shapefile Format)</dif:Description>
    </dif:Related_URL>
    <dif:Related_URL>
      <dif:URL_Content_Type>
        <dif:Type>WWW:DOWNLOAD-1.0-http--download</dif:Type>
      </dif:URL_Content_Type>
      <dif:URL>http://iderd.ign.gob.do:80/geoserver/ows?outputFormat=text%2Fxml%3B+subtype%3Dgml%2F3.1.1&amp;service=WFS&amp;srs=EPSG%3A32619&amp;request=GetFeature&amp;typename=geonode%3ARD_Islas_20211130&amp;version=1.0.0</dif:URL>
      <dif:Description>Islas Adyacentes a la República Dominicana (GML 3.1.1 Format)</dif:Description>
    </dif:Related_URL>
    <dif:Related_URL>
      <dif:URL_Content_Type>
        <dif:Type>WWW:DOWNLOAD-1.0-http--download</dif:Type>
      </dif:URL_Content_Type>
      <dif:URL>http://iderd.ign.gob.do:80/geoserver/ows?outputFormat=csv&amp;service=WFS&amp;srs=EPSG%3A32619&amp;request=GetFeature&amp;typename=geonode%3ARD_Islas_20211130&amp;version=1.0.0</dif:URL>
      <dif:Description>Islas Adyacentes a la República Dominicana (CSV Format)</dif:Description>
    </dif:Related_URL>
    <dif:Related_URL>
      <dif:URL_Content_Type>
        <dif:Type>WWW:DOWNLOAD-1.0-http--download</dif:Type>
      </dif:URL_Content_Type>
      <dif:URL>http://iderd.ign.gob.do:80/geoserver/ows?outputFormat=excel&amp;service=WFS&amp;srs=EPSG%3A32619&amp;request=GetFeature&amp;typename=geonode%3ARD_Islas_20211130&amp;version=1.0.0</dif:URL>
      <dif:Description>Islas Adyacentes a la República Dominicana (Excel Format)</dif:Description>
    </dif:Related_URL>
    <dif:Related_URL>
      <dif:URL_Content_Type>
        <dif:Type>WWW:DOWNLOAD-1.0-http--download</dif:Type>
      </dif:URL_Content_Type>
      <dif:URL>http://iderd.ign.gob.do:80/geoserver/ows?srsName=EPSG%3A32619&amp;outputFormat=json&amp;service=WFS&amp;srs=EPSG%3A32619&amp;request=GetFeature&amp;typename=geonode%3ARD_Islas_20211130&amp;version=1.0.0</dif:URL>
      <dif:Description>Islas Adyacentes a la República Dominicana (GeoJSON Format)</dif:Description>
    </dif:Related_URL>
    <dif:Related_URL>
      <dif:URL_Content_Type>
        <dif:Type>WWW:DOWNLOAD-1.0-http--download</dif:Type>
      </dif:URL_Content_Type>
      <dif:URL>http://iderd.ign.gob.do:80/geoserver/ows?outputFormat=SHAPE-ZIP&amp;service=WFS&amp;srs=EPSG%3A32619&amp;request=GetFeature&amp;format_options=charset%3AUTF-8&amp;typename=geonode%3ARD_Islas_20211130&amp;version=1.0.0</dif:URL>
      <dif:Description>Islas Adyacentes a la República Dominicana (Shapefile Comprimido Format)</dif:Description>
    </dif:Related_URL>
    <dif:Related_URL>
      <dif:URL_Content_Type>
        <dif:Type>WWW:DOWNLOAD-1.0-http--download</dif:Type>
      </dif:URL_Content_Type>
      <dif:URL>http://iderd.ign.gob.do:80/geoserver/ows?outputFormat=gml2&amp;service=WFS&amp;srs=EPSG%3A32619&amp;request=GetFeature&amp;typename=geonode%3ARD_Islas_20211130&amp;version=1.0.0</dif:URL>
      <dif:Description>Islas Adyacentes a la República Dominicana (GML 2.0 Format)</dif:Description>
    </dif:Related_URL>
    <dif:Related_URL>
      <dif:URL_Content_Type>
        <dif:Type>WWW:LINK-1.0-http--link</dif:Type>
      </dif:URL_Content_Type>
      <dif:URL>http://iderd.ign.gob.do:80/layers/geonode_data:geonode:RD_Islas_20211130</dif:URL>
      <dif:Description>Web address (URL)</dif:Description>
    </dif:Related_URL>
    <dif:Related_URL>
      <dif:URL_Content_Type>
        <dif:Type>WWW:DOWNLOAD-1.0-http--download</dif:Type>
      </dif:URL_Content_Type>
      <dif:URL>http://iderd.ign.gob.do:80/geoserver/ows?service=WMS&amp;request=GetLegendGraphic&amp;format=image/png&amp;WIDTH=20&amp;HEIGHT=20&amp;LAYER=geonode:RD_Islas_20211130&amp;STYLE=RD_Islas_20211130&amp;legend_options=fontAntiAliasing:true;fontSize:12;forceLabels:on</dif:URL>
      <dif:Description>Islas Adyacentes a la República Dominicana (Legend Format)</dif:Description>
    </dif:Related_URL>
    <dif:Related_URL>
      <dif:URL_Content_Type>
        <dif:Type>WWW:DOWNLOAD-1.0-http--download</dif:Type>
      </dif:URL_Content_Type>
      <dif:URL>19.9204023982</dif:URL>
      <dif:Description>Islas Adyacentes a la República Dominicana (Remote Thumbnail Format)</dif:Description>
    </dif:Related_URL>
    <dif:Related_URL>
      <dif:URL_Content_Type>
        <dif:Type>WWW:DOWNLOAD-1.0-http--download</dif:Type>
      </dif:URL_Content_Type>
      <dif:URL>http://iderd.ign.gob.do:80/uploaded/thumbs/layer-bb4a17e4-7f77-11ec-8a3d-0242ac120005-thumb.png</dif:URL>
      <dif:Description>Islas Adyacentes a la República Dominicana (Thumbnail Format)</dif:Description>
    </dif:Related_URL>
    <dif:Related_URL>
      <dif:URL_Content_Type>
        <dif:Type>OGC:WMS</dif:Type>
      </dif:URL_Content_Type>
      <dif:URL>http://iderd.ign.gob.do:80/geoserver/ows</dif:URL>
      <dif:Description>OGC WMS: geonode Service</dif:Description>
    </dif:Related_URL>
    <dif:Related_URL>
      <dif:URL_Content_Type>
        <dif:Type>OGC:WFS</dif:Type>
      </dif:URL_Content_Type>
      <dif:URL>http://iderd.ign.gob.do:80/geoserver/ows</dif:URL>
      <dif:Description>OGC WFS: geonode Service</dif:Description>
    </dif:Related_URL>
    <dif:Metadata_Name>CEOS IDN DIF</dif:Metadata_Name>
    <dif:Metadata_Version>9.7</dif:Metadata_Version>
  </dif:DIF>
</csw:GetRecordByIdResponse>
