<?xml version="1.0" encoding="UTF-8" standalone="no"?>
<!-- pycsw 2.4.0 -->
<csw:GetRecordByIdResponse xmlns:csw="http://www.opengis.net/cat/csw/2.0.2" xmlns:dc="http://purl.org/dc/elements/1.1/" xmlns:dct="http://purl.org/dc/terms/" xmlns:gmd="http://www.isotc211.org/2005/gmd" xmlns:gml="http://www.opengis.net/gml" xmlns:ows="http://www.opengis.net/ows" xmlns:xs="http://www.w3.org/2001/XMLSchema" xmlns:xsi="http://www.w3.org/2001/XMLSchema-instance" xsi:schemaLocation="http://www.opengis.net/cat/csw/2.0.2 http://schemas.opengis.net/csw/2.0.2/CSW-discovery.xsd">
  <metadata xsi:noNamespaceSchemaLocation="http://www.fgdc.gov/metadata/fgdc-std-001-1998.xsd">
    <idinfo>
      <datasetid>bb4a17e4-7f77-11ec-8a3d-0242ac120005</datasetid>
      <citation>
        <citeinfo>
          <title>Islas Adyacentes a la República Dominicana</title>
          <publinfo>
            <publish>Dirección de Cartografía</publish>
          </publinfo>
          <origin>Dirección de Cartografía</origin>
          <geoform>vector</geoform>
          <onlink></onlink>
          <onlink type="WWW:DOWNLOAD-1.0-http--download">http://iderd.ign.gob.do:80/download/157</onlink>
          <onlink type="WWW:DOWNLOAD-1.0-http--download">http://iderd.ign.gob.do:80/geoserver/ows?layers=geonode%3ARD_Islas_20211130&amp;service=WMS&amp;format=image%2Fjpeg&amp;request=GetMap&amp;height=550&amp;width=550&amp;bbox=199993.515625000000000%2C1933557.000000000000000%2C545638.437500000000000%2C2202732.250000000000000&amp;srs=EPSG%3A32619</onlink>
          <onlink type="WWW:DOWNLOAD-1.0-http--download">http://iderd.ign.gob.do:80/geoserver/ows?layers=geonode%3ARD_Islas_20211130&amp;service=WMS&amp;format=application%2Fpdf&amp;request=GetMap&amp;height=550&amp;width=550&amp;bbox=199993.515625000000000%2C1933557.000000000000000%2C545638.437500000000000%2C2202732.250000000000000&amp;srs=EPSG%3A32619</onlink>
          <onlink type="WWW:DOWNLOAD-1.0-http--download">http://iderd.ign.gob.do:80/geoserver/ows?layers=geonode%3ARD_Islas_20211130&amp;service=WMS&amp;format=image%2Fpng&amp;request=GetMap&amp;height=550&amp;width=550&amp;bbox=199993.515625000000000%2C1933557.000000000000000%2C545638.437500000000000%2C2202732.250000000000000&amp;srs=EPSG%3A32619</onlink>
          <onlink type="WWW:DOWNLOAD-1.0-http--download">http://iderd.ign.gob.do:80/geoserver/ows?outputFormat=SHAPE-ZIP&amp;service=WFS&amp;srs=EPSG%3A32619&amp;request=GetFeature&amp;format_options=charset%3AUTF-8&amp;typename=geonode%3ARD_Islas_20211130&amp;version=1.0.0</onlink>
          <onlink type="WWW:DOWNLOAD-1.0-http--download">http://iderd.ign.gob.do:80/geoserver/ows?outputFormat=text%2Fxml%3B+subtype%3Dgml%2F3.1.1&amp;service=WFS&amp;srs=EPSG%3A32619&amp;request=GetFeature&amp;typename=geonode%3ARD_Islas_20211130&amp;version=1.0.0</onlink>
          <onlink type="WWW:DOWNLOAD-1.0-http--download">http://iderd.ign.gob.do:80/geoserver/ows?outputFormat=csv&amp;service=WFS&amp;srs=EPSG%3A32619&amp;request=GetFeature&amp;typename=geonode%3ARD_Islas_20211130&amp;version=1.0.0</onlink>
          <onlink type="WWW:DOWNLOAD-1.0-http--download">http://iderd.ign.gob.do:80/geoserver/ows?outputFormat=excel&amp;service=WFS&amp;srs=EPSG%3A32619&amp;request=GetFeature&amp;typename=geonode%3ARD_Islas_20211130&amp;version=1.0.0</onlink>
          <onlink type="WWW:DOWNLOAD-1.0-http--download">http://iderd.ign.gob.do:80/geoserver/ows?srsName=EPSG%3A32619&amp;outputFormat=json&amp;service=WFS&amp;srs=EPSG%3A32619&amp;request=GetFeature&amp;typename=geonode%3ARD_Islas_20211130&amp;version=1.0.0</onlink>
          <onlink type="WWW:DOWNLOAD-1.0-http--download">http://iderd.ign.gob.do:80/geoserver/ows?outputFormat=SHAPE-ZIP&amp;service=WFS&amp;srs=EPSG%3A32619&amp;request=GetFeature&amp;format_options=charset%3AUTF-8&amp;typename=geonode%3ARD_Islas_20211130&amp;version=1.0.0</onlink>
          <onlink type="WWW:DOWNLOAD-1.0-http--download">http://iderd.ign.gob.do:80/geoserver/ows?outputFormat=gml2&amp;service=WFS&amp;srs=EPSG%3A32619&amp;request=GetFeature&amp;typename=geonode%3ARD_Islas_20211130&amp;version=1.0.0</onlink>
          <onlink type="WWW:LINK-1.0-http--link">http://iderd.ign.gob.do:80/layers/geonode_data:geonode:RD_Islas_20211130</onlink>
          <onlink type="WWW:DOWNLOAD-1.0-http--download">http://iderd.ign.gob.do:80/geoserver/ows?service=WMS&amp;request=GetLegendGraphic&amp;format=image/png&amp;WIDTH=20&amp;HEIGHT=20&amp;LAYER=geonode:RD_Islas_20211130&amp;STYLE=RD_Islas_20211130&amp;legend_options=fontAntiAliasing:true;fontSize:12;forceLabels:on</onlink>
          <onlink type="WWW:DOWNLOAD-1.0-http--download">19.9204023982</onlink>
          <onlink type="WWW:DOWNLOAD-1.0-http--download">http://iderd.ign.gob.do:80/uploaded/thumbs/layer-bb4a17e4-7f77-11ec-8a3d-0242ac120005-thumb.png</onlink>
          <onlink type="OGC:WMS">http://iderd.ign.gob.do:80/geoserver/ows</onlink>
          <onlink type="OGC:WFS">http://iderd.ign.gob.do:80/geoserver/ows</onlink>
        </citeinfo>
      </citation>
      <keywords>
        <theme>
          <themekey>ADYACENTES</themekey>
          <themekey>ALTO</themekey>
          <themekey>BEATA</themekey>
          <themekey>CABRA</themekey>
          <themekey>CABRITOS</themekey>
          <themekey>CATALINA</themekey>
          <themekey>CATALINITA</themekey>
          <themekey>CAYO</themekey>
          <themekey>HERMANOS</themekey>
          <themekey>ISLAS</themekey>
          <themekey>LEVANTADO</themekey>
          <themekey>REPUBLICA DOMINICANA</themekey>
          <themekey>SAONA</themekey>
          <themekey>SIETE</themekey>
          <themekey>VELO</themekey>
        </theme>
      </keywords>
      <accconst></accconst>
      <descript>
        <abstract>Capa cartográfica que muestra las más relevantes islas adyacentes a la República Dominicana.</abstract>
      </descript>
      <spdom>
        <bounding>
          <westbc>-71.865219</westbc>
          <eastbc>-68.56393</eastbc>
          <northbc>19.920402</northbc>
          <southbc>17.468065</southbc>
        </bounding>
      </spdom>
      <datacred>Dirección de Cartografía</datacred>
      <spdoinfo>
        <direct>dataset</direct>
      </spdoinfo>
    </idinfo>
    <distinfo>
      <stdorder>
        <digform>
          <digtinfo>
            <formname>vector</formname>
          </digtinfo>
        </digform>
      </stdorder>
    </distinfo>
    <lineage>
      <srcinfo>
        <srccite>
          <citeinfo>
            <title></title>
          </citeinfo>
        </srccite>
      </srcinfo>
    </lineage>
    <metainfo>
      <metd>2022-01-26T09:20:00Z</metd>
    </metainfo>
  </metadata>
</csw:GetRecordByIdResponse>
