<?xml version="1.0" encoding="UTF-8" standalone="no"?>
<!-- pycsw 2.4.0 -->
<csw:GetRecordByIdResponse xmlns:csw="http://www.opengis.net/cat/csw/2.0.2" xmlns:dc="http://purl.org/dc/elements/1.1/" xmlns:dct="http://purl.org/dc/terms/" xmlns:gmd="http://www.isotc211.org/2005/gmd" xmlns:gml="http://www.opengis.net/gml" xmlns:ows="http://www.opengis.net/ows" xmlns:xs="http://www.w3.org/2001/XMLSchema" xmlns:xsi="http://www.w3.org/2001/XMLSchema-instance" xsi:schemaLocation="http://www.opengis.net/cat/csw/2.0.2 http://schemas.opengis.net/csw/2.0.2/CSW-discovery.xsd">
  <csw:Record>
    <dc:identifier>e7b33d6e-a6d4-11eb-a2bc-0242ac120004</dc:identifier>
    <dc:title>Principales Lagos y Lagunas de la República Dominicana</dc:title>
    <dc:type>dataset</dc:type>
    <dc:subject>DOMINICANA</dc:subject>
    <dc:subject>LAGOS</dc:subject>
    <dc:subject>LAGUNAS</dc:subject>
    <dc:subject>REPUBLICA</dc:subject>
    <dc:format>vector</dc:format>
    <dct:references scheme="WWW:DOWNLOAD-1.0-http--download">http://iderd.ign.gob.do:80/download/137</dct:references>
    <dct:references scheme="WWW:DOWNLOAD-1.0-http--download">http://iderd.ign.gob.do:80/geoserver/ows?layers=geonode%3ARD_LagosyLagunasPrincipales&amp;service=WMS&amp;format=image%2Fjpeg&amp;request=GetMap&amp;height=550&amp;width=550&amp;bbox=175704.609375000000000%2C1959185.500000000000000%2C571176.875000000000000%2C2191559.000000000000000&amp;srs=EPSG%3A32619</dct:references>
    <dct:references scheme="WWW:DOWNLOAD-1.0-http--download">http://iderd.ign.gob.do:80/geoserver/ows?layers=geonode%3ARD_LagosyLagunasPrincipales&amp;service=WMS&amp;format=application%2Fpdf&amp;request=GetMap&amp;height=550&amp;width=550&amp;bbox=175704.609375000000000%2C1959185.500000000000000%2C571176.875000000000000%2C2191559.000000000000000&amp;srs=EPSG%3A32619</dct:references>
    <dct:references scheme="WWW:DOWNLOAD-1.0-http--download">http://iderd.ign.gob.do:80/geoserver/ows?layers=geonode%3ARD_LagosyLagunasPrincipales&amp;service=WMS&amp;format=image%2Fpng&amp;request=GetMap&amp;height=550&amp;width=550&amp;bbox=175704.609375000000000%2C1959185.500000000000000%2C571176.875000000000000%2C2191559.000000000000000&amp;srs=EPSG%3A32619</dct:references>
    <dct:references scheme="WWW:DOWNLOAD-1.0-http--download">http://iderd.ign.gob.do:80/geoserver/ows?outputFormat=SHAPE-ZIP&amp;service=WFS&amp;srs=EPSG%3A32619&amp;request=GetFeature&amp;format_options=charset%3AUTF-8&amp;typename=geonode%3ARD_LagosyLagunasPrincipales&amp;version=1.0.0</dct:references>
    <dct:references scheme="WWW:DOWNLOAD-1.0-http--download">http://iderd.ign.gob.do:80/geoserver/ows?outputFormat=gml2&amp;service=WFS&amp;srs=EPSG%3A32619&amp;request=GetFeature&amp;typename=geonode%3ARD_LagosyLagunasPrincipales&amp;version=1.0.0</dct:references>
    <dct:references scheme="WWW:DOWNLOAD-1.0-http--download">http://iderd.ign.gob.do:80/geoserver/ows?outputFormat=text%2Fxml%3B+subtype%3Dgml%2F3.1.1&amp;service=WFS&amp;srs=EPSG%3A32619&amp;request=GetFeature&amp;typename=geonode%3ARD_LagosyLagunasPrincipales&amp;version=1.0.0</dct:references>
    <dct:references scheme="WWW:DOWNLOAD-1.0-http--download">http://iderd.ign.gob.do:80/geoserver/ows?outputFormat=csv&amp;service=WFS&amp;srs=EPSG%3A32619&amp;request=GetFeature&amp;typename=geonode%3ARD_LagosyLagunasPrincipales&amp;version=1.0.0</dct:references>
    <dct:references scheme="WWW:DOWNLOAD-1.0-http--download">http://iderd.ign.gob.do:80/geoserver/ows?outputFormat=excel&amp;service=WFS&amp;srs=EPSG%3A32619&amp;request=GetFeature&amp;typename=geonode%3ARD_LagosyLagunasPrincipales&amp;version=1.0.0</dct:references>
    <dct:references scheme="WWW:DOWNLOAD-1.0-http--download">http://iderd.ign.gob.do:80/geoserver/ows?srsName=EPSG%3A32619&amp;outputFormat=json&amp;service=WFS&amp;srs=EPSG%3A32619&amp;request=GetFeature&amp;typename=geonode%3ARD_LagosyLagunasPrincipales&amp;version=1.0.0</dct:references>
    <dct:references scheme="WWW:DOWNLOAD-1.0-http--download">http://iderd.ign.gob.do:80/geoserver/ows?outputFormat=SHAPE-ZIP&amp;service=WFS&amp;srs=EPSG%3A32619&amp;request=GetFeature&amp;format_options=charset%3AUTF-8&amp;typename=geonode%3ARD_LagosyLagunasPrincipales&amp;version=1.0.0</dct:references>
    <dct:references scheme="WWW:LINK-1.0-http--link">http://iderd.ign.gob.do:80/layers/geonode_data:geonode:RD_LagosyLagunasPrincipales</dct:references>
    <dct:references scheme="WWW:DOWNLOAD-1.0-http--download">http://iderd.ign.gob.do:80/geoserver/ows?service=WMS&amp;request=GetLegendGraphic&amp;format=image/png&amp;WIDTH=20&amp;HEIGHT=20&amp;LAYER=geonode:RD_LagosyLagunasPrincipales&amp;STYLE=RD_LagosyLagunasPrincipales&amp;legend_options=fontAntiAliasing:true;fontSize:12;forceLabels:on</dct:references>
    <dct:references scheme="WWW:DOWNLOAD-1.0-http--download">19.8186730145</dct:references>
    <dct:references scheme="WWW:DOWNLOAD-1.0-http--download">http://iderd.ign.gob.do:80/uploaded/thumbs/layer-e7b33d6e-a6d4-11eb-a2bc-0242ac120004-thumb.png</dct:references>
    <dct:references scheme="OGC:WMS">http://iderd.ign.gob.do:80/geoserver/ows</dct:references>
    <dct:references scheme="OGC:WFS">http://iderd.ign.gob.do:80/geoserver/ows</dct:references>
    <dct:modified>2020-09-09T13:18:00Z</dct:modified>
    <dct:abstract>Capa cartográfica de la lámina de agua de los lagos y lagunas principales de la República Dominicana.</dct:abstract>
    <dc:date>2020-09-09T13:18:00Z</dc:date>
    <dc:creator>Dirección de Cartografía</dc:creator>
    <dc:publisher>Dirección de Cartografía</dc:publisher>
    <dc:contributor>Dirección de Cartografía</dc:contributor>
    <dc:language>spa</dc:language>
    <dct:alternative>geonode:RD_LagosyLagunasPrincipales</dct:alternative>
    <dct:spatial scheme="http://www.opengis.net/def/crs">EPSG:32619</dct:spatial>
    <ows:BoundingBox crs="urn:x-ogc:def:crs:EPSG:6.11:4326" dimensions="2">
      <ows:LowerCorner>17.696012 -72.094991</ows:LowerCorner>
      <ows:UpperCorner>19.818673 -68.320354</ows:UpperCorner>
    </ows:BoundingBox>
  </csw:Record>
</csw:GetRecordByIdResponse>
