<?xml version="1.0" encoding="UTF-8" standalone="no"?>
<!-- pycsw 2.4.0 -->
<csw:GetRecordByIdResponse xmlns:atom="http://www.w3.org/2005/Atom" xmlns:csw="http://www.opengis.net/cat/csw/2.0.2" xmlns:dc="http://purl.org/dc/elements/1.1/" xmlns:dct="http://purl.org/dc/terms/" xmlns:gmd="http://www.isotc211.org/2005/gmd" xmlns:gml="http://www.opengis.net/gml" xmlns:ows="http://www.opengis.net/ows" xmlns:xs="http://www.w3.org/2001/XMLSchema" xmlns:xsi="http://www.w3.org/2001/XMLSchema-instance" xsi:schemaLocation="http://www.opengis.net/cat/csw/2.0.2 http://schemas.opengis.net/csw/2.0.2/CSW-discovery.xsd">
  <atom:entry xmlns:georss="http://www.georss.org/georss" xsi:schemaLocation="http://www.w3.org/2005/Atom http://www.kbcafe.com/rss/atom.xsd.xml">
    <atom:author>
      <atom:name>Dirección de Cartografía</atom:name>
    </atom:author>
    <atom:category term="HAITI"/>
    <atom:category term="REPUBLICA"/>
    <atom:contributor>Dirección de Cartografía</atom:contributor>
    <atom:id>68576da2-7f81-11ec-87b6-0242ac120005</atom:id>
    <dc:identifier>68576da2-7f81-11ec-87b6-0242ac120005</dc:identifier>
    <atom:link href="http://iderd.ign.gob.do:80/download/160" title="Contorno de la República de Haití (Original Dataset Format)" type="WWW:DOWNLOAD-1.0-http--download"/>
    <atom:link href="http://iderd.ign.gob.do:80/geoserver/ows?layers=geonode%3ARep_Haiti_20211130&amp;service=WMS&amp;format=image%2Fjpeg&amp;request=GetMap&amp;height=550&amp;width=550&amp;bbox=-79563.468750000000000%2C1995865.625000000000000%2C224327.828125000000000%2C2225979.750000000000000&amp;srs=EPSG%3A32619" title="Contorno de la República de Haití (JPEG Format)" type="WWW:DOWNLOAD-1.0-http--download"/>
    <atom:link href="http://iderd.ign.gob.do:80/geoserver/ows?layers=geonode%3ARep_Haiti_20211130&amp;service=WMS&amp;format=application%2Fpdf&amp;request=GetMap&amp;height=550&amp;width=550&amp;bbox=-79563.468750000000000%2C1995865.625000000000000%2C224327.828125000000000%2C2225979.750000000000000&amp;srs=EPSG%3A32619" title="Contorno de la República de Haití (PDF Format)" type="WWW:DOWNLOAD-1.0-http--download"/>
    <atom:link href="http://iderd.ign.gob.do:80/geoserver/ows?layers=geonode%3ARep_Haiti_20211130&amp;service=WMS&amp;format=image%2Fpng&amp;request=GetMap&amp;height=550&amp;width=550&amp;bbox=-79563.468750000000000%2C1995865.625000000000000%2C224327.828125000000000%2C2225979.750000000000000&amp;srs=EPSG%3A32619" title="Contorno de la República de Haití (PNG Format)" type="WWW:DOWNLOAD-1.0-http--download"/>
    <atom:link href="http://iderd.ign.gob.do:80/geoserver/ows?outputFormat=SHAPE-ZIP&amp;service=WFS&amp;srs=EPSG%3A32619&amp;request=GetFeature&amp;format_options=charset%3AUTF-8&amp;typename=geonode%3ARep_Haiti_20211130&amp;version=1.0.0" title="Contorno de la República de Haití (Zipped Shapefile Format)" type="WWW:DOWNLOAD-1.0-http--download"/>
    <atom:link href="http://iderd.ign.gob.do:80/geoserver/ows?outputFormat=gml2&amp;service=WFS&amp;srs=EPSG%3A32619&amp;request=GetFeature&amp;typename=geonode%3ARep_Haiti_20211130&amp;version=1.0.0" title="Contorno de la República de Haití (GML 2.0 Format)" type="WWW:DOWNLOAD-1.0-http--download"/>
    <atom:link href="http://iderd.ign.gob.do:80/geoserver/ows?outputFormat=text%2Fxml%3B+subtype%3Dgml%2F3.1.1&amp;service=WFS&amp;srs=EPSG%3A32619&amp;request=GetFeature&amp;typename=geonode%3ARep_Haiti_20211130&amp;version=1.0.0" title="Contorno de la República de Haití (GML 3.1.1 Format)" type="WWW:DOWNLOAD-1.0-http--download"/>
    <atom:link href="http://iderd.ign.gob.do:80/geoserver/ows?outputFormat=csv&amp;service=WFS&amp;srs=EPSG%3A32619&amp;request=GetFeature&amp;typename=geonode%3ARep_Haiti_20211130&amp;version=1.0.0" title="Contorno de la República de Haití (CSV Format)" type="WWW:DOWNLOAD-1.0-http--download"/>
    <atom:link href="http://iderd.ign.gob.do:80/geoserver/ows?outputFormat=excel&amp;service=WFS&amp;srs=EPSG%3A32619&amp;request=GetFeature&amp;typename=geonode%3ARep_Haiti_20211130&amp;version=1.0.0" title="Contorno de la República de Haití (Excel Format)" type="WWW:DOWNLOAD-1.0-http--download"/>
    <atom:link href="http://iderd.ign.gob.do:80/geoserver/ows?srsName=EPSG%3A32619&amp;outputFormat=json&amp;service=WFS&amp;srs=EPSG%3A32619&amp;request=GetFeature&amp;typename=geonode%3ARep_Haiti_20211130&amp;version=1.0.0" title="Contorno de la República de Haití (GeoJSON Format)" type="WWW:DOWNLOAD-1.0-http--download"/>
    <atom:link href="http://iderd.ign.gob.do:80/geoserver/ows?outputFormat=SHAPE-ZIP&amp;service=WFS&amp;srs=EPSG%3A32619&amp;request=GetFeature&amp;format_options=charset%3AUTF-8&amp;typename=geonode%3ARep_Haiti_20211130&amp;version=1.0.0" title="Contorno de la República de Haití (Shapefile Comprimido Format)" type="WWW:DOWNLOAD-1.0-http--download"/>
    <atom:link href="http://iderd.ign.gob.do:80/layers/geonode_data:geonode:Rep_Haiti_20211130" title="Web address (URL)" type="WWW:LINK-1.0-http--link"/>
    <atom:link href="http://iderd.ign.gob.do:80/geoserver/ows?service=WMS&amp;request=GetLegendGraphic&amp;format=image/png&amp;WIDTH=20&amp;HEIGHT=20&amp;LAYER=geonode:Rep_Haiti_20211130&amp;STYLE=Rep_Haiti_20211130&amp;legend_options=fontAntiAliasing:true;fontSize:12;forceLabels:on" title="Contorno de la República de Haití (Legend Format)" type="WWW:DOWNLOAD-1.0-http--download"/>
    <atom:link href="20.111299576" title="Contorno de la República de Haití (Remote Thumbnail Format)" type="WWW:DOWNLOAD-1.0-http--download"/>
    <atom:link href="http://iderd.ign.gob.do:80/uploaded/thumbs/layer-68576da2-7f81-11ec-87b6-0242ac120005-thumb.png" title="Contorno de la República de Haití (Thumbnail Format)" type="WWW:DOWNLOAD-1.0-http--download"/>
    <atom:link href="http://iderd.ign.gob.do:80/geoserver/ows" title="OGC WMS: geonode Service" type="OGC:WMS"/>
    <atom:link href="http://iderd.ign.gob.do:80/geoserver/ows" title="OGC WFS: geonode Service" type="OGC:WFS"/>
    <atom:link href="http://iderd.ign.gob.do:80/catalogue/csw?service=CSW&amp;version=2.0.2&amp;request=GetRepositoryItem&amp;id=68576da2-7f81-11ec-87b6-0242ac120005"/>
    <atom:title>Contorno de la República de Haití</atom:title>
    <atom:updated>2021-09-15T14:57:00Z</atom:updated>
    <atom:published>2021-09-15T14:57:00Z</atom:published>
    <atom:summary>Capa cartográfica que muestra el contorno de la Isla Española en el área que corresponde a la República de Haití.</atom:summary>
    <georss:where>
      <gml:Envelope srsName="http://www.opengis.net/def/crs/EPSG/0/4326">
        <gml:lowerCorner>17.97405 -74.535387</gml:lowerCorner>
        <gml:upperCorner>20.1113 -71.603823</gml:upperCorner>
      </gml:Envelope>
    </georss:where>
  </atom:entry>
</csw:GetRecordByIdResponse>
