<?xml version="1.0" encoding="UTF-8" standalone="no"?>
<!-- pycsw 2.4.0 -->
<csw:GetRecordByIdResponse xmlns:csw="http://www.opengis.net/cat/csw/2.0.2" xmlns:dc="http://purl.org/dc/elements/1.1/" xmlns:dct="http://purl.org/dc/terms/" xmlns:gmd="http://www.isotc211.org/2005/gmd" xmlns:gml="http://www.opengis.net/gml" xmlns:ows="http://www.opengis.net/ows" xmlns:rim="urn:oasis:names:tc:ebxml-regrep:xsd:rim:3.0" xmlns:xs="http://www.w3.org/2001/XMLSchema" xmlns:xsi="http://www.w3.org/2001/XMLSchema-instance" xsi:schemaLocation="http://www.opengis.net/cat/csw/2.0.2 http://schemas.opengis.net/csw/2.0.2/CSW-discovery.xsd">
  <rim:ExtrinsicObject xsi:schemaLocation="http://www.opengis.net/cat/wrs/1.0 http://schemas.opengis.net/csw/2.0.2/profiles/ebrim/1.0/csw-ebrim.xsd" id="8c439a74-7e00-11ec-bb77-0242ac120005" lid="8c439a74-7e00-11ec-bb77-0242ac120005" objectType="dataset" status="urn:oasis:names:tc:ebxml-regrep:StatusType:Submitted">
    <rim:VersionInfo versionName=""/>
    <rim:ExternalIdentifier id="8c439a74-7e00-11ec-bb77-0242ac120005" identificationScheme="foo" registryObject="None" value="8c439a74-7e00-11ec-bb77-0242ac120005"/>
    <rim:Name>
      <rim:LocalizedString value="Linea Fronteriza Rep. Dom. - Rep. Haití"/>
    </rim:Name>
    <rim:Description>
      <rim:LocalizedString value="Capa cartográfica que muestra el recorrido de la línea fronteriza entre la República Dominicana y la República de Haití."/>
    </rim:Description>
    <rim:Slot slotType="urn:ogc:def:dataType:ISO-19107:2003:GM_Envelope">
      <rim:ValueList>
        <rim:Value>
          <ows:BoundingBox crs="urn:x-ogc:def:crs:EPSG:6.11:4326" dimensions="2">
            <ows:LowerCorner>18.02805 -72.030667</ows:LowerCorner>
            <ows:UpperCorner>19.703873 -71.603823</ows:UpperCorner>
          </ows:BoundingBox>
        </rim:Value>
      </rim:ValueList>
    </rim:Slot>
    <rim:Slot name="http://purl.org/dc/elements/1.1/subject">
      <rim:ValueList>
        <rim:Value>FRONTERA</rim:Value>
        <rim:Value>HAITI</rim:Value>
        <rim:Value>REPUBLICA DOMINICANA</rim:Value>
        <rim:Value>TERRESTRE</rim:Value>
      </rim:ValueList>
    </rim:Slot>
  </rim:ExtrinsicObject>
</csw:GetRecordByIdResponse>
