<?xml version="1.0" encoding="UTF-8" standalone="no"?>
<!-- pycsw 2.4.0 -->
<csw:GetRecordByIdResponse xmlns:atom="http://www.w3.org/2005/Atom" xmlns:csw="http://www.opengis.net/cat/csw/2.0.2" xmlns:dc="http://purl.org/dc/elements/1.1/" xmlns:dct="http://purl.org/dc/terms/" xmlns:gmd="http://www.isotc211.org/2005/gmd" xmlns:gml="http://www.opengis.net/gml" xmlns:ows="http://www.opengis.net/ows" xmlns:xs="http://www.w3.org/2001/XMLSchema" xmlns:xsi="http://www.w3.org/2001/XMLSchema-instance" xsi:schemaLocation="http://www.opengis.net/cat/csw/2.0.2 http://schemas.opengis.net/csw/2.0.2/CSW-discovery.xsd">
  <atom:entry xmlns:georss="http://www.georss.org/georss" xsi:schemaLocation="http://www.w3.org/2005/Atom http://www.kbcafe.com/rss/atom.xsd.xml">
    <atom:author>
      <atom:name>Dirección de Cartografía</atom:name>
    </atom:author>
    <atom:category term="Accidentescosteros"/>
    <atom:category term="Arrecifes"/>
    <atom:category term="Bahías"/>
    <atom:category term="Cabos"/>
    <atom:category term="Cayos"/>
    <atom:category term="Deltas"/>
    <atom:category term="Dunas"/>
    <atom:category term="Ensenadas"/>
    <atom:category term="Estuarios"/>
    <atom:category term="Humedales"/>
    <atom:category term="Islas"/>
    <atom:category term="Mangles"/>
    <atom:category term="Penínsulas"/>
    <atom:category term="Playas"/>
    <atom:category term="Procurrentes"/>
    <atom:category term="Promontorios"/>
    <atom:category term="Puntas"/>
    <atom:category term="República Dominicana"/>
    <atom:contributor>Dirección de Cartografía</atom:contributor>
    <atom:id>3b28030c-a6c2-11eb-980c-0242ac120004</atom:id>
    <dc:identifier>3b28030c-a6c2-11eb-980c-0242ac120004</dc:identifier>
    <atom:link href="http://iderd.ign.gob.do:80/download/126" title="Accidentes Físico Naturales de la Costa de República Dominicana (Original Dataset Format)" type="WWW:DOWNLOAD-1.0-http--download"/>
    <atom:link href="http://iderd.ign.gob.do:80/geoserver/ows?layers=geonode%3ARD_AccidentesCosteros&amp;service=WMS&amp;format=image%2Fjpeg&amp;request=GetMap&amp;height=550&amp;width=550&amp;bbox=-7992598.000000000000000%2C1976239.375000000000000%2C-7605824.000000000000000%2C2264923.000000000000000&amp;srs=EPSG%3A3857" title="Accidentes Físico Naturales de la Costa de República Dominicana (JPEG Format)" type="WWW:DOWNLOAD-1.0-http--download"/>
    <atom:link href="http://iderd.ign.gob.do:80/geoserver/ows?layers=geonode%3ARD_AccidentesCosteros&amp;service=WMS&amp;format=application%2Fpdf&amp;request=GetMap&amp;height=550&amp;width=550&amp;bbox=-7992598.000000000000000%2C1976239.375000000000000%2C-7605824.000000000000000%2C2264923.000000000000000&amp;srs=EPSG%3A3857" title="Accidentes Físico Naturales de la Costa de República Dominicana (PDF Format)" type="WWW:DOWNLOAD-1.0-http--download"/>
    <atom:link href="http://iderd.ign.gob.do:80/geoserver/ows?layers=geonode%3ARD_AccidentesCosteros&amp;service=WMS&amp;format=image%2Fpng&amp;request=GetMap&amp;height=550&amp;width=550&amp;bbox=-7992598.000000000000000%2C1976239.375000000000000%2C-7605824.000000000000000%2C2264923.000000000000000&amp;srs=EPSG%3A3857" title="Accidentes Físico Naturales de la Costa de República Dominicana (PNG Format)" type="WWW:DOWNLOAD-1.0-http--download"/>
    <atom:link href="http://iderd.ign.gob.do:80/geoserver/ows?outputFormat=SHAPE-ZIP&amp;service=WFS&amp;srs=EPSG%3A3857&amp;request=GetFeature&amp;format_options=charset%3AUTF-8&amp;typename=geonode%3ARD_AccidentesCosteros&amp;version=1.0.0" title="Accidentes Físico Naturales de la Costa de República Dominicana (Zipped Shapefile Format)" type="WWW:DOWNLOAD-1.0-http--download"/>
    <atom:link href="http://iderd.ign.gob.do:80/geoserver/ows?outputFormat=gml2&amp;service=WFS&amp;srs=EPSG%3A3857&amp;request=GetFeature&amp;typename=geonode%3ARD_AccidentesCosteros&amp;version=1.0.0" title="Accidentes Físico Naturales de la Costa de República Dominicana (GML 2.0 Format)" type="WWW:DOWNLOAD-1.0-http--download"/>
    <atom:link href="http://iderd.ign.gob.do:80/geoserver/ows?outputFormat=text%2Fxml%3B+subtype%3Dgml%2F3.1.1&amp;service=WFS&amp;srs=EPSG%3A3857&amp;request=GetFeature&amp;typename=geonode%3ARD_AccidentesCosteros&amp;version=1.0.0" title="Accidentes Físico Naturales de la Costa de República Dominicana (GML 3.1.1 Format)" type="WWW:DOWNLOAD-1.0-http--download"/>
    <atom:link href="http://iderd.ign.gob.do:80/geoserver/ows?outputFormat=csv&amp;service=WFS&amp;srs=EPSG%3A3857&amp;request=GetFeature&amp;typename=geonode%3ARD_AccidentesCosteros&amp;version=1.0.0" title="Accidentes Físico Naturales de la Costa de República Dominicana (CSV Format)" type="WWW:DOWNLOAD-1.0-http--download"/>
    <atom:link href="http://iderd.ign.gob.do:80/geoserver/ows?outputFormat=excel&amp;service=WFS&amp;srs=EPSG%3A3857&amp;request=GetFeature&amp;typename=geonode%3ARD_AccidentesCosteros&amp;version=1.0.0" title="Accidentes Físico Naturales de la Costa de República Dominicana (Excel Format)" type="WWW:DOWNLOAD-1.0-http--download"/>
    <atom:link href="http://iderd.ign.gob.do:80/geoserver/ows?srsName=EPSG%3A3857&amp;outputFormat=json&amp;service=WFS&amp;srs=EPSG%3A3857&amp;request=GetFeature&amp;typename=geonode%3ARD_AccidentesCosteros&amp;version=1.0.0" title="Accidentes Físico Naturales de la Costa de República Dominicana (GeoJSON Format)" type="WWW:DOWNLOAD-1.0-http--download"/>
    <atom:link href="http://iderd.ign.gob.do:80/geoserver/ows?outputFormat=SHAPE-ZIP&amp;service=WFS&amp;srs=EPSG%3A3857&amp;request=GetFeature&amp;format_options=charset%3AUTF-8&amp;typename=geonode%3ARD_AccidentesCosteros&amp;version=1.0.0" title="Accidentes Físico Naturales de la Costa de República Dominicana (Shapefile Comprimido Format)" type="WWW:DOWNLOAD-1.0-http--download"/>
    <atom:link href="http://iderd.ign.gob.do:80/layers/geonode_data:geonode:RD_AccidentesCosteros" title="Web address (URL)" type="WWW:LINK-1.0-http--link"/>
    <atom:link href="http://iderd.ign.gob.do:80/geoserver/ows?service=WMS&amp;request=GetLegendGraphic&amp;format=image/png&amp;WIDTH=20&amp;HEIGHT=20&amp;LAYER=geonode:RD_AccidentesCosteros&amp;STYLE=RD_AccidentesCosteros&amp;legend_options=fontAntiAliasing:true;fontSize:12;forceLabels:on" title="Accidentes Físico Naturales de la Costa de República Dominicana (Legend Format)" type="WWW:DOWNLOAD-1.0-http--download"/>
    <atom:link href="19.9315428609" title="Accidentes Físico Naturales de la Costa de República Dominicana (Remote Thumbnail Format)" type="WWW:DOWNLOAD-1.0-http--download"/>
    <atom:link href="http://iderd.ign.gob.do:80/uploaded/thumbs/layer-3b28030c-a6c2-11eb-980c-0242ac120004-thumb.png" title="Accidentes Físico Naturales de la Costa de República Dominicana (Thumbnail Format)" type="WWW:DOWNLOAD-1.0-http--download"/>
    <atom:link href="http://iderd.ign.gob.do:80/geoserver/ows" title="OGC WMS: geonode Service" type="OGC:WMS"/>
    <atom:link href="http://iderd.ign.gob.do:80/geoserver/ows" title="OGC WFS: geonode Service" type="OGC:WFS"/>
    <atom:link href="http://iderd.ign.gob.do:80/catalogue/csw?service=CSW&amp;version=2.0.2&amp;request=GetRepositoryItem&amp;id=3b28030c-a6c2-11eb-980c-0242ac120004"/>
    <atom:title>Accidentes Físico Naturales de la Costa de República Dominicana</atom:title>
    <atom:updated>2020-08-28T14:04:00Z</atom:updated>
    <atom:published>2020-08-28T14:04:00Z</atom:published>
    <atom:summary>Capa cartográfica indicatoria de los lugares donde se encuentran accidentes geográficos propios de la costa de  la  República  Dominicana.  Tales  como:  Bahías, Ensenadas,  Cayos,  Cabos,  Playas,  Islas,  Puntas, Penínsulas,  Promontorios,  Procurrentes,  Mangles, Deltas, Dunas, Arrecifes, Estuarios y Humedales.</atom:summary>
    <georss:where>
      <gml:Envelope srsName="http://www.opengis.net/def/crs/EPSG/0/4326">
        <gml:lowerCorner>17.475435 -71.798729</gml:lowerCorner>
        <gml:upperCorner>19.931543 -68.324279</gml:upperCorner>
      </gml:Envelope>
    </georss:where>
  </atom:entry>
</csw:GetRecordByIdResponse>
