<?xml version="1.0" encoding="UTF-8" standalone="no"?>
<!-- pycsw 2.4.0 -->
<csw:GetRecordByIdResponse xmlns:csw="http://www.opengis.net/cat/csw/2.0.2" xmlns:dc="http://purl.org/dc/elements/1.1/" xmlns:dct="http://purl.org/dc/terms/" xmlns:dif="http://gcmd.gsfc.nasa.gov/Aboutus/xml/dif/" xmlns:gmd="http://www.isotc211.org/2005/gmd" xmlns:gml="http://www.opengis.net/gml" xmlns:ows="http://www.opengis.net/ows" xmlns:xs="http://www.w3.org/2001/XMLSchema" xmlns:xsi="http://www.w3.org/2001/XMLSchema-instance" xsi:schemaLocation="http://www.opengis.net/cat/csw/2.0.2 http://schemas.opengis.net/csw/2.0.2/CSW-discovery.xsd">
  <dif:DIF xsi:schemaLocation="http://gcmd.gsfc.nasa.gov/Aboutus/xml/dif/ http://gcmd.gsfc.nasa.gov/Aboutus/xml/dif/dif.xsd">
    <dif:Entry_ID>3b28030c-a6c2-11eb-980c-0242ac120004</dif:Entry_ID>
    <dif:Entry_Title>Accidentes Físico Naturales de la Costa de República Dominicana</dif:Entry_Title>
    <dif:Data_Set_Citation>
      <dif:Dataset_Creator>Dirección de Cartografía</dif:Dataset_Creator>
      <dif:Dataset_Release_Date>2020-08-28T14:04:00Z</dif:Dataset_Release_Date>
      <dif:Dataset_Publisher>Dirección de Cartografía</dif:Dataset_Publisher>
      <dif:Data_Presentation_Form>vector</dif:Data_Presentation_Form>
    </dif:Data_Set_Citation>
    <dif:ISO_Topic_Category/>
    <dif:Keyword>Accidentescosteros</dif:Keyword>
    <dif:Keyword>Arrecifes</dif:Keyword>
    <dif:Keyword>Bahías</dif:Keyword>
    <dif:Keyword>Cabos</dif:Keyword>
    <dif:Keyword>Cayos</dif:Keyword>
    <dif:Keyword>Deltas</dif:Keyword>
    <dif:Keyword>Dunas</dif:Keyword>
    <dif:Keyword>Ensenadas</dif:Keyword>
    <dif:Keyword>Estuarios</dif:Keyword>
    <dif:Keyword>Humedales</dif:Keyword>
    <dif:Keyword>Islas</dif:Keyword>
    <dif:Keyword>Mangles</dif:Keyword>
    <dif:Keyword>Penínsulas</dif:Keyword>
    <dif:Keyword>Playas</dif:Keyword>
    <dif:Keyword>Procurrentes</dif:Keyword>
    <dif:Keyword>Promontorios</dif:Keyword>
    <dif:Keyword>Puntas</dif:Keyword>
    <dif:Keyword>República Dominicana</dif:Keyword>
    <dif:Temporal_Coverage>
      <dif:Start_Date/>
      <dif:End_Date/>
    </dif:Temporal_Coverage>
    <dif:Spatial_Coverage>
      <dif:Southernmost_Latitude>17.475435</dif:Southernmost_Latitude>
      <dif:Northernmost_Latitude>19.931543</dif:Northernmost_Latitude>
      <dif:Westernmost_Longitude>-71.798729</dif:Westernmost_Longitude>
      <dif:Easternmost_Longitude>-68.324279</dif:Easternmost_Longitude>
    </dif:Spatial_Coverage>
    <dif:Access_Constraints/>
    <dif:Data_Set_Language>spa</dif:Data_Set_Language>
    <dif:Originating_Center>Instituto Geográfico Nacional "José Joaquín Hungría Morell" (IGN-JJHM)</dif:Originating_Center>
    <dif:Summary>Capa cartográfica indicatoria de los lugares donde se encuentran accidentes geográficos propios de la costa de  la  República  Dominicana.  Tales  como:  Bahías, Ensenadas,  Cayos,  Cabos,  Playas,  Islas,  Puntas, Penínsulas,  Promontorios,  Procurrentes,  Mangles, Deltas, Dunas, Arrecifes, Estuarios y Humedales.</dif:Summary>
    <dif:DIF_Creation_Date>2020-08-28T14:04:00Z</dif:DIF_Creation_Date>
    <dif:Related_URL>
      <dif:URL/>
    </dif:Related_URL>
    <dif:Related_URL>
      <dif:URL_Content_Type>
        <dif:Type>WWW:DOWNLOAD-1.0-http--download</dif:Type>
      </dif:URL_Content_Type>
      <dif:URL>http://iderd.ign.gob.do:80/download/126</dif:URL>
      <dif:Description>Accidentes Físico Naturales de la Costa de República Dominicana (Original Dataset Format)</dif:Description>
    </dif:Related_URL>
    <dif:Related_URL>
      <dif:URL_Content_Type>
        <dif:Type>WWW:DOWNLOAD-1.0-http--download</dif:Type>
      </dif:URL_Content_Type>
      <dif:URL>http://iderd.ign.gob.do:80/geoserver/ows?layers=geonode%3ARD_AccidentesCosteros&amp;service=WMS&amp;format=image%2Fjpeg&amp;request=GetMap&amp;height=550&amp;width=550&amp;bbox=-7992598.000000000000000%2C1976239.375000000000000%2C-7605824.000000000000000%2C2264923.000000000000000&amp;srs=EPSG%3A3857</dif:URL>
      <dif:Description>Accidentes Físico Naturales de la Costa de República Dominicana (JPEG Format)</dif:Description>
    </dif:Related_URL>
    <dif:Related_URL>
      <dif:URL_Content_Type>
        <dif:Type>WWW:DOWNLOAD-1.0-http--download</dif:Type>
      </dif:URL_Content_Type>
      <dif:URL>http://iderd.ign.gob.do:80/geoserver/ows?layers=geonode%3ARD_AccidentesCosteros&amp;service=WMS&amp;format=application%2Fpdf&amp;request=GetMap&amp;height=550&amp;width=550&amp;bbox=-7992598.000000000000000%2C1976239.375000000000000%2C-7605824.000000000000000%2C2264923.000000000000000&amp;srs=EPSG%3A3857</dif:URL>
      <dif:Description>Accidentes Físico Naturales de la Costa de República Dominicana (PDF Format)</dif:Description>
    </dif:Related_URL>
    <dif:Related_URL>
      <dif:URL_Content_Type>
        <dif:Type>WWW:DOWNLOAD-1.0-http--download</dif:Type>
      </dif:URL_Content_Type>
      <dif:URL>http://iderd.ign.gob.do:80/geoserver/ows?layers=geonode%3ARD_AccidentesCosteros&amp;service=WMS&amp;format=image%2Fpng&amp;request=GetMap&amp;height=550&amp;width=550&amp;bbox=-7992598.000000000000000%2C1976239.375000000000000%2C-7605824.000000000000000%2C2264923.000000000000000&amp;srs=EPSG%3A3857</dif:URL>
      <dif:Description>Accidentes Físico Naturales de la Costa de República Dominicana (PNG Format)</dif:Description>
    </dif:Related_URL>
    <dif:Related_URL>
      <dif:URL_Content_Type>
        <dif:Type>WWW:DOWNLOAD-1.0-http--download</dif:Type>
      </dif:URL_Content_Type>
      <dif:URL>http://iderd.ign.gob.do:80/geoserver/ows?outputFormat=SHAPE-ZIP&amp;service=WFS&amp;srs=EPSG%3A3857&amp;request=GetFeature&amp;format_options=charset%3AUTF-8&amp;typename=geonode%3ARD_AccidentesCosteros&amp;version=1.0.0</dif:URL>
      <dif:Description>Accidentes Físico Naturales de la Costa de República Dominicana (Zipped Shapefile Format)</dif:Description>
    </dif:Related_URL>
    <dif:Related_URL>
      <dif:URL_Content_Type>
        <dif:Type>WWW:DOWNLOAD-1.0-http--download</dif:Type>
      </dif:URL_Content_Type>
      <dif:URL>http://iderd.ign.gob.do:80/geoserver/ows?outputFormat=gml2&amp;service=WFS&amp;srs=EPSG%3A3857&amp;request=GetFeature&amp;typename=geonode%3ARD_AccidentesCosteros&amp;version=1.0.0</dif:URL>
      <dif:Description>Accidentes Físico Naturales de la Costa de República Dominicana (GML 2.0 Format)</dif:Description>
    </dif:Related_URL>
    <dif:Related_URL>
      <dif:URL_Content_Type>
        <dif:Type>WWW:DOWNLOAD-1.0-http--download</dif:Type>
      </dif:URL_Content_Type>
      <dif:URL>http://iderd.ign.gob.do:80/geoserver/ows?outputFormat=text%2Fxml%3B+subtype%3Dgml%2F3.1.1&amp;service=WFS&amp;srs=EPSG%3A3857&amp;request=GetFeature&amp;typename=geonode%3ARD_AccidentesCosteros&amp;version=1.0.0</dif:URL>
      <dif:Description>Accidentes Físico Naturales de la Costa de República Dominicana (GML 3.1.1 Format)</dif:Description>
    </dif:Related_URL>
    <dif:Related_URL>
      <dif:URL_Content_Type>
        <dif:Type>WWW:DOWNLOAD-1.0-http--download</dif:Type>
      </dif:URL_Content_Type>
      <dif:URL>http://iderd.ign.gob.do:80/geoserver/ows?outputFormat=csv&amp;service=WFS&amp;srs=EPSG%3A3857&amp;request=GetFeature&amp;typename=geonode%3ARD_AccidentesCosteros&amp;version=1.0.0</dif:URL>
      <dif:Description>Accidentes Físico Naturales de la Costa de República Dominicana (CSV Format)</dif:Description>
    </dif:Related_URL>
    <dif:Related_URL>
      <dif:URL_Content_Type>
        <dif:Type>WWW:DOWNLOAD-1.0-http--download</dif:Type>
      </dif:URL_Content_Type>
      <dif:URL>http://iderd.ign.gob.do:80/geoserver/ows?outputFormat=excel&amp;service=WFS&amp;srs=EPSG%3A3857&amp;request=GetFeature&amp;typename=geonode%3ARD_AccidentesCosteros&amp;version=1.0.0</dif:URL>
      <dif:Description>Accidentes Físico Naturales de la Costa de República Dominicana (Excel Format)</dif:Description>
    </dif:Related_URL>
    <dif:Related_URL>
      <dif:URL_Content_Type>
        <dif:Type>WWW:DOWNLOAD-1.0-http--download</dif:Type>
      </dif:URL_Content_Type>
      <dif:URL>http://iderd.ign.gob.do:80/geoserver/ows?srsName=EPSG%3A3857&amp;outputFormat=json&amp;service=WFS&amp;srs=EPSG%3A3857&amp;request=GetFeature&amp;typename=geonode%3ARD_AccidentesCosteros&amp;version=1.0.0</dif:URL>
      <dif:Description>Accidentes Físico Naturales de la Costa de República Dominicana (GeoJSON Format)</dif:Description>
    </dif:Related_URL>
    <dif:Related_URL>
      <dif:URL_Content_Type>
        <dif:Type>WWW:DOWNLOAD-1.0-http--download</dif:Type>
      </dif:URL_Content_Type>
      <dif:URL>http://iderd.ign.gob.do:80/geoserver/ows?outputFormat=SHAPE-ZIP&amp;service=WFS&amp;srs=EPSG%3A3857&amp;request=GetFeature&amp;format_options=charset%3AUTF-8&amp;typename=geonode%3ARD_AccidentesCosteros&amp;version=1.0.0</dif:URL>
      <dif:Description>Accidentes Físico Naturales de la Costa de República Dominicana (Shapefile Comprimido Format)</dif:Description>
    </dif:Related_URL>
    <dif:Related_URL>
      <dif:URL_Content_Type>
        <dif:Type>WWW:LINK-1.0-http--link</dif:Type>
      </dif:URL_Content_Type>
      <dif:URL>http://iderd.ign.gob.do:80/layers/geonode_data:geonode:RD_AccidentesCosteros</dif:URL>
      <dif:Description>Web address (URL)</dif:Description>
    </dif:Related_URL>
    <dif:Related_URL>
      <dif:URL_Content_Type>
        <dif:Type>WWW:DOWNLOAD-1.0-http--download</dif:Type>
      </dif:URL_Content_Type>
      <dif:URL>http://iderd.ign.gob.do:80/geoserver/ows?service=WMS&amp;request=GetLegendGraphic&amp;format=image/png&amp;WIDTH=20&amp;HEIGHT=20&amp;LAYER=geonode:RD_AccidentesCosteros&amp;STYLE=RD_AccidentesCosteros&amp;legend_options=fontAntiAliasing:true;fontSize:12;forceLabels:on</dif:URL>
      <dif:Description>Accidentes Físico Naturales de la Costa de República Dominicana (Legend Format)</dif:Description>
    </dif:Related_URL>
    <dif:Related_URL>
      <dif:URL_Content_Type>
        <dif:Type>WWW:DOWNLOAD-1.0-http--download</dif:Type>
      </dif:URL_Content_Type>
      <dif:URL>19.9315428609</dif:URL>
      <dif:Description>Accidentes Físico Naturales de la Costa de República Dominicana (Remote Thumbnail Format)</dif:Description>
    </dif:Related_URL>
    <dif:Related_URL>
      <dif:URL_Content_Type>
        <dif:Type>WWW:DOWNLOAD-1.0-http--download</dif:Type>
      </dif:URL_Content_Type>
      <dif:URL>http://iderd.ign.gob.do:80/uploaded/thumbs/layer-3b28030c-a6c2-11eb-980c-0242ac120004-thumb.png</dif:URL>
      <dif:Description>Accidentes Físico Naturales de la Costa de República Dominicana (Thumbnail Format)</dif:Description>
    </dif:Related_URL>
    <dif:Related_URL>
      <dif:URL_Content_Type>
        <dif:Type>OGC:WMS</dif:Type>
      </dif:URL_Content_Type>
      <dif:URL>http://iderd.ign.gob.do:80/geoserver/ows</dif:URL>
      <dif:Description>OGC WMS: geonode Service</dif:Description>
    </dif:Related_URL>
    <dif:Related_URL>
      <dif:URL_Content_Type>
        <dif:Type>OGC:WFS</dif:Type>
      </dif:URL_Content_Type>
      <dif:URL>http://iderd.ign.gob.do:80/geoserver/ows</dif:URL>
      <dif:Description>OGC WFS: geonode Service</dif:Description>
    </dif:Related_URL>
    <dif:Metadata_Name>CEOS IDN DIF</dif:Metadata_Name>
    <dif:Metadata_Version>9.7</dif:Metadata_Version>
  </dif:DIF>
</csw:GetRecordByIdResponse>
