<?xml version="1.0" encoding="UTF-8" standalone="no"?>
<!-- pycsw 2.4.0 -->
<csw:GetRecordByIdResponse xmlns:csw="http://www.opengis.net/cat/csw/2.0.2" xmlns:dc="http://purl.org/dc/elements/1.1/" xmlns:dct="http://purl.org/dc/terms/" xmlns:gmd="http://www.isotc211.org/2005/gmd" xmlns:gml="http://www.opengis.net/gml" xmlns:ows="http://www.opengis.net/ows" xmlns:rim="urn:oasis:names:tc:ebxml-regrep:xsd:rim:3.0" xmlns:xs="http://www.w3.org/2001/XMLSchema" xmlns:xsi="http://www.w3.org/2001/XMLSchema-instance" xsi:schemaLocation="http://www.opengis.net/cat/csw/2.0.2 http://schemas.opengis.net/csw/2.0.2/CSW-discovery.xsd">
  <rim:ExtrinsicObject xsi:schemaLocation="http://www.opengis.net/cat/wrs/1.0 http://schemas.opengis.net/csw/2.0.2/profiles/ebrim/1.0/csw-ebrim.xsd" id="3b28030c-a6c2-11eb-980c-0242ac120004" lid="3b28030c-a6c2-11eb-980c-0242ac120004" objectType="dataset" status="urn:oasis:names:tc:ebxml-regrep:StatusType:Submitted">
    <rim:VersionInfo versionName=""/>
    <rim:ExternalIdentifier id="3b28030c-a6c2-11eb-980c-0242ac120004" identificationScheme="foo" registryObject="None" value="3b28030c-a6c2-11eb-980c-0242ac120004"/>
    <rim:Name>
      <rim:LocalizedString value="Accidentes Físico Naturales de la Costa de República Dominicana"/>
    </rim:Name>
    <rim:Description>
      <rim:LocalizedString value="Capa cartográfica indicatoria de los lugares donde se encuentran accidentes geográficos propios de la costa de  la  República  Dominicana.  Tales  como:  Bahías, Ensenadas,  Cayos,  Cabos,  Playas,  Islas,  Puntas, Penínsulas,  Promontorios,  Procurrentes,  Mangles, Deltas, Dunas, Arrecifes, Estuarios y Humedales."/>
    </rim:Description>
    <rim:Slot slotType="urn:ogc:def:dataType:ISO-19107:2003:GM_Envelope">
      <rim:ValueList>
        <rim:Value>
          <ows:BoundingBox crs="urn:x-ogc:def:crs:EPSG:6.11:4326" dimensions="2">
            <ows:LowerCorner>17.475435 -71.798729</ows:LowerCorner>
            <ows:UpperCorner>19.931543 -68.324279</ows:UpperCorner>
          </ows:BoundingBox>
        </rim:Value>
      </rim:ValueList>
    </rim:Slot>
    <rim:Slot name="http://purl.org/dc/elements/1.1/subject">
      <rim:ValueList>
        <rim:Value>Accidentescosteros</rim:Value>
        <rim:Value>Arrecifes</rim:Value>
        <rim:Value>Bahías</rim:Value>
        <rim:Value>Cabos</rim:Value>
        <rim:Value>Cayos</rim:Value>
        <rim:Value>Deltas</rim:Value>
        <rim:Value>Dunas</rim:Value>
        <rim:Value>Ensenadas</rim:Value>
        <rim:Value>Estuarios</rim:Value>
        <rim:Value>Humedales</rim:Value>
        <rim:Value>Islas</rim:Value>
        <rim:Value>Mangles</rim:Value>
        <rim:Value>Penínsulas</rim:Value>
        <rim:Value>Playas</rim:Value>
        <rim:Value>Procurrentes</rim:Value>
        <rim:Value>Promontorios</rim:Value>
        <rim:Value>Puntas</rim:Value>
        <rim:Value>República Dominicana</rim:Value>
      </rim:ValueList>
    </rim:Slot>
  </rim:ExtrinsicObject>
</csw:GetRecordByIdResponse>
