<?xml version="1.0" encoding="UTF-8" standalone="no"?>
<!-- pycsw 2.4.0 -->
<csw:GetRecordByIdResponse xmlns:csw="http://www.opengis.net/cat/csw/2.0.2" xmlns:dc="http://purl.org/dc/elements/1.1/" xmlns:dct="http://purl.org/dc/terms/" xmlns:gmd="http://www.isotc211.org/2005/gmd" xmlns:gml="http://www.opengis.net/gml" xmlns:ows="http://www.opengis.net/ows" xmlns:xs="http://www.w3.org/2001/XMLSchema" xmlns:xsi="http://www.w3.org/2001/XMLSchema-instance" xsi:schemaLocation="http://www.opengis.net/cat/csw/2.0.2 http://schemas.opengis.net/csw/2.0.2/CSW-discovery.xsd">
  <metadata xsi:noNamespaceSchemaLocation="http://www.fgdc.gov/metadata/fgdc-std-001-1998.xsd">
    <idinfo>
      <datasetid>3b28030c-a6c2-11eb-980c-0242ac120004</datasetid>
      <citation>
        <citeinfo>
          <title>Accidentes Físico Naturales de la Costa de República Dominicana</title>
          <publinfo>
            <publish>Dirección de Cartografía</publish>
          </publinfo>
          <origin>Dirección de Cartografía</origin>
          <geoform>vector</geoform>
          <onlink></onlink>
          <onlink type="WWW:DOWNLOAD-1.0-http--download">http://iderd.ign.gob.do:80/download/126</onlink>
          <onlink type="WWW:DOWNLOAD-1.0-http--download">http://iderd.ign.gob.do:80/geoserver/ows?layers=geonode%3ARD_AccidentesCosteros&amp;service=WMS&amp;format=image%2Fjpeg&amp;request=GetMap&amp;height=550&amp;width=550&amp;bbox=-7992598.000000000000000%2C1976239.375000000000000%2C-7605824.000000000000000%2C2264923.000000000000000&amp;srs=EPSG%3A3857</onlink>
          <onlink type="WWW:DOWNLOAD-1.0-http--download">http://iderd.ign.gob.do:80/geoserver/ows?layers=geonode%3ARD_AccidentesCosteros&amp;service=WMS&amp;format=application%2Fpdf&amp;request=GetMap&amp;height=550&amp;width=550&amp;bbox=-7992598.000000000000000%2C1976239.375000000000000%2C-7605824.000000000000000%2C2264923.000000000000000&amp;srs=EPSG%3A3857</onlink>
          <onlink type="WWW:DOWNLOAD-1.0-http--download">http://iderd.ign.gob.do:80/geoserver/ows?layers=geonode%3ARD_AccidentesCosteros&amp;service=WMS&amp;format=image%2Fpng&amp;request=GetMap&amp;height=550&amp;width=550&amp;bbox=-7992598.000000000000000%2C1976239.375000000000000%2C-7605824.000000000000000%2C2264923.000000000000000&amp;srs=EPSG%3A3857</onlink>
          <onlink type="WWW:DOWNLOAD-1.0-http--download">http://iderd.ign.gob.do:80/geoserver/ows?outputFormat=SHAPE-ZIP&amp;service=WFS&amp;srs=EPSG%3A3857&amp;request=GetFeature&amp;format_options=charset%3AUTF-8&amp;typename=geonode%3ARD_AccidentesCosteros&amp;version=1.0.0</onlink>
          <onlink type="WWW:DOWNLOAD-1.0-http--download">http://iderd.ign.gob.do:80/geoserver/ows?outputFormat=gml2&amp;service=WFS&amp;srs=EPSG%3A3857&amp;request=GetFeature&amp;typename=geonode%3ARD_AccidentesCosteros&amp;version=1.0.0</onlink>
          <onlink type="WWW:DOWNLOAD-1.0-http--download">http://iderd.ign.gob.do:80/geoserver/ows?outputFormat=text%2Fxml%3B+subtype%3Dgml%2F3.1.1&amp;service=WFS&amp;srs=EPSG%3A3857&amp;request=GetFeature&amp;typename=geonode%3ARD_AccidentesCosteros&amp;version=1.0.0</onlink>
          <onlink type="WWW:DOWNLOAD-1.0-http--download">http://iderd.ign.gob.do:80/geoserver/ows?outputFormat=csv&amp;service=WFS&amp;srs=EPSG%3A3857&amp;request=GetFeature&amp;typename=geonode%3ARD_AccidentesCosteros&amp;version=1.0.0</onlink>
          <onlink type="WWW:DOWNLOAD-1.0-http--download">http://iderd.ign.gob.do:80/geoserver/ows?outputFormat=excel&amp;service=WFS&amp;srs=EPSG%3A3857&amp;request=GetFeature&amp;typename=geonode%3ARD_AccidentesCosteros&amp;version=1.0.0</onlink>
          <onlink type="WWW:DOWNLOAD-1.0-http--download">http://iderd.ign.gob.do:80/geoserver/ows?srsName=EPSG%3A3857&amp;outputFormat=json&amp;service=WFS&amp;srs=EPSG%3A3857&amp;request=GetFeature&amp;typename=geonode%3ARD_AccidentesCosteros&amp;version=1.0.0</onlink>
          <onlink type="WWW:DOWNLOAD-1.0-http--download">http://iderd.ign.gob.do:80/geoserver/ows?outputFormat=SHAPE-ZIP&amp;service=WFS&amp;srs=EPSG%3A3857&amp;request=GetFeature&amp;format_options=charset%3AUTF-8&amp;typename=geonode%3ARD_AccidentesCosteros&amp;version=1.0.0</onlink>
          <onlink type="WWW:LINK-1.0-http--link">http://iderd.ign.gob.do:80/layers/geonode_data:geonode:RD_AccidentesCosteros</onlink>
          <onlink type="WWW:DOWNLOAD-1.0-http--download">http://iderd.ign.gob.do:80/geoserver/ows?service=WMS&amp;request=GetLegendGraphic&amp;format=image/png&amp;WIDTH=20&amp;HEIGHT=20&amp;LAYER=geonode:RD_AccidentesCosteros&amp;STYLE=RD_AccidentesCosteros&amp;legend_options=fontAntiAliasing:true;fontSize:12;forceLabels:on</onlink>
          <onlink type="WWW:DOWNLOAD-1.0-http--download">19.9315428609</onlink>
          <onlink type="WWW:DOWNLOAD-1.0-http--download">http://iderd.ign.gob.do:80/uploaded/thumbs/layer-3b28030c-a6c2-11eb-980c-0242ac120004-thumb.png</onlink>
          <onlink type="OGC:WMS">http://iderd.ign.gob.do:80/geoserver/ows</onlink>
          <onlink type="OGC:WFS">http://iderd.ign.gob.do:80/geoserver/ows</onlink>
        </citeinfo>
      </citation>
      <keywords>
        <theme>
          <themekey>Accidentescosteros</themekey>
          <themekey>Arrecifes</themekey>
          <themekey>Bahías</themekey>
          <themekey>Cabos</themekey>
          <themekey>Cayos</themekey>
          <themekey>Deltas</themekey>
          <themekey>Dunas</themekey>
          <themekey>Ensenadas</themekey>
          <themekey>Estuarios</themekey>
          <themekey>Humedales</themekey>
          <themekey>Islas</themekey>
          <themekey>Mangles</themekey>
          <themekey>Penínsulas</themekey>
          <themekey>Playas</themekey>
          <themekey>Procurrentes</themekey>
          <themekey>Promontorios</themekey>
          <themekey>Puntas</themekey>
          <themekey>República Dominicana</themekey>
        </theme>
      </keywords>
      <accconst></accconst>
      <descript>
        <abstract>Capa cartográfica indicatoria de los lugares donde se encuentran accidentes geográficos propios de la costa de  la  República  Dominicana.  Tales  como:  Bahías, Ensenadas,  Cayos,  Cabos,  Playas,  Islas,  Puntas, Penínsulas,  Promontorios,  Procurrentes,  Mangles, Deltas, Dunas, Arrecifes, Estuarios y Humedales.</abstract>
      </descript>
      <spdom>
        <bounding>
          <westbc>-71.798729</westbc>
          <eastbc>-68.324279</eastbc>
          <northbc>19.931543</northbc>
          <southbc>17.475435</southbc>
        </bounding>
      </spdom>
      <datacred>Dirección de Cartografía</datacred>
      <spdoinfo>
        <direct>dataset</direct>
      </spdoinfo>
    </idinfo>
    <distinfo>
      <stdorder>
        <digform>
          <digtinfo>
            <formname>vector</formname>
          </digtinfo>
        </digform>
      </stdorder>
    </distinfo>
    <lineage>
      <srcinfo>
        <srccite>
          <citeinfo>
            <title></title>
          </citeinfo>
        </srccite>
      </srcinfo>
    </lineage>
    <metainfo>
      <metd>2020-08-28T14:04:00Z</metd>
    </metainfo>
  </metadata>
</csw:GetRecordByIdResponse>
