<?xml version="1.0" encoding="UTF-8" standalone="no"?>
<!-- pycsw 2.4.0 -->
<csw:GetRecordByIdResponse xmlns:csw="http://www.opengis.net/cat/csw/2.0.2" xmlns:dc="http://purl.org/dc/elements/1.1/" xmlns:dct="http://purl.org/dc/terms/" xmlns:gco="http://www.isotc211.org/2005/gco" xmlns:gmd="http://www.isotc211.org/2005/gmd" xmlns:gml="http://www.opengis.net/gml" xmlns:ows="http://www.opengis.net/ows" xmlns:xlink="http://www.w3.org/1999/xlink" xmlns:xs="http://www.w3.org/2001/XMLSchema" xmlns:xsi="http://www.w3.org/2001/XMLSchema-instance" xsi:schemaLocation="http://www.opengis.net/cat/csw/2.0.2 http://schemas.opengis.net/csw/2.0.2/CSW-discovery.xsd">
  <gmd:MD_Metadata xsi:schemaLocation="http://www.isotc211.org/2005/gmd http://www.isotc211.org/2005/gmd/gmd.xsd">
   <gmd:fileIdentifier>
     <gco:CharacterString>3b28030c-a6c2-11eb-980c-0242ac120004</gco:CharacterString>
   </gmd:fileIdentifier>
   <gmd:language>
     <gco:CharacterString>spa</gco:CharacterString>
   </gmd:language>
   <gmd:characterSet>
     <gmd:MD_CharacterSetCode codeSpace="ISOTC211/19115" codeList="http://www.isotc211.org/2005/resources/Codelist/gmxCodelists.xml#MD_CharacterSetCode" codeListValue="utf8">utf8</gmd:MD_CharacterSetCode>
   </gmd:characterSet>
   <gmd:hierarchyLevel>
    <gmd:MD_ScopeCode codeSpace="ISOTC211/19115" codeList="http://www.isotc211.org/2005/resources/Codelist/gmxCodelists.xml#MD_ScopeCode" codeListValue="dataset">dataset</gmd:MD_ScopeCode>
   </gmd:hierarchyLevel>


   
   <gmd:contact>
     <gmd:CI_ResponsibleParty>
       <gmd:individualName gco:nilReason="missing">
         
       </gmd:individualName>
       <gmd:organisationName gco:nilReason="missing">
         
       </gmd:organisationName>
       <gmd:positionName gco:nilReason="missing">
         
       </gmd:positionName>
       <gmd:contactInfo>
         <gmd:CI_Contact>
           <gmd:phone>
             <gmd:CI_Telephone>
               <gmd:voice gco:nilReason="missing">
                 
               </gmd:voice>
               <gmd:facsimile gco:nilReason="missing">
                 
               </gmd:facsimile>
             </gmd:CI_Telephone>
           </gmd:phone>
           <gmd:address>
             <gmd:CI_Address>
               <gmd:deliveryPoint gco:nilReason="missing">
                 
               </gmd:deliveryPoint>
               <gmd:city gco:nilReason="missing">
                 
               </gmd:city>
               <gmd:administrativeArea gco:nilReason="missing">
                 
               </gmd:administrativeArea>
               <gmd:postalCode gco:nilReason="missing">
                 
               </gmd:postalCode>
               <gmd:country gco:nilReason="missing">
                 
               </gmd:country>
               <gmd:electronicMailAddress gco:nilReason="missing">
                 
               </gmd:electronicMailAddress>
             </gmd:CI_Address>
           </gmd:address>
           
         </gmd:CI_Contact>
       </gmd:contactInfo>
       <gmd:role>
         <gmd:CI_RoleCode codeSpace="ISOTC211/19115" codeList="http://www.isotc211.org/2005/resources/Codelist/gmxCodelists.xml#CI_RoleCode" codeListValue="pointOfContact">pointOfContact</gmd:CI_RoleCode>
       </gmd:role>
     </gmd:CI_ResponsibleParty>
   </gmd:contact>
   

   
   <gmd:contact>
     <gmd:CI_ResponsibleParty>
       <gmd:individualName gco:nilReason="missing">
         
       </gmd:individualName>
       <gmd:organisationName gco:nilReason="missing">
         
       </gmd:organisationName>
       <gmd:positionName gco:nilReason="missing">
         
       </gmd:positionName>
       <gmd:contactInfo>
         <gmd:CI_Contact>
           <gmd:phone>
             <gmd:CI_Telephone>
               <gmd:voice gco:nilReason="missing">
                 
               </gmd:voice>
               <gmd:facsimile gco:nilReason="missing">
                 
               </gmd:facsimile>
             </gmd:CI_Telephone>
           </gmd:phone>
           <gmd:address>
             <gmd:CI_Address>
               <gmd:deliveryPoint gco:nilReason="missing">
                 
               </gmd:deliveryPoint>
               <gmd:city gco:nilReason="missing">
                 
               </gmd:city>
               <gmd:administrativeArea gco:nilReason="missing">
                 
               </gmd:administrativeArea>
               <gmd:postalCode gco:nilReason="missing">
                 
               </gmd:postalCode>
               <gmd:country gco:nilReason="missing">
                 
               </gmd:country>
               <gmd:electronicMailAddress gco:nilReason="missing">
                 
               </gmd:electronicMailAddress>
             </gmd:CI_Address>
           </gmd:address>
           
         </gmd:CI_Contact>
       </gmd:contactInfo>
       <gmd:role>
         <gmd:CI_RoleCode codeSpace="ISOTC211/19115" codeList="http://www.isotc211.org/2005/resources/Codelist/gmxCodelists.xml#CI_RoleCode" codeListValue="author">author</gmd:CI_RoleCode>
       </gmd:role>
     </gmd:CI_ResponsibleParty>
   </gmd:contact>
   


   <gmd:dateStamp>
     <gco:DateTime>2021-04-26T19:06:35Z</gco:DateTime>
   </gmd:dateStamp>
   <gmd:metadataStandardName>
     <gco:CharacterString>ISO 19115:2003 - Geographic information - Metadata</gco:CharacterString>
   </gmd:metadataStandardName>
   <gmd:metadataStandardVersion>
     <gco:CharacterString>ISO 19115:2003</gco:CharacterString>
   </gmd:metadataStandardVersion>
   <gmd:spatialRepresentationInfo/>
   <gmd:referenceSystemInfo>
     <gmd:MD_ReferenceSystem>
       <gmd:referenceSystemIdentifier>
         <gmd:RS_Identifier>
           <gmd:code>
             <gco:CharacterString>4326</gco:CharacterString>
           </gmd:code>
           <gmd:codeSpace>
             <gco:CharacterString>EPSG</gco:CharacterString>
           </gmd:codeSpace>
           <gmd:version>
             <gco:CharacterString>6.11</gco:CharacterString>
           </gmd:version>
         </gmd:RS_Identifier>
       </gmd:referenceSystemIdentifier>
     </gmd:MD_ReferenceSystem>
   </gmd:referenceSystemInfo>

   <gmd:identificationInfo>
     <gmd:MD_DataIdentification>
       <gmd:citation>
         <gmd:CI_Citation>
           
           <gmd:name>
             <gco:CharacterString>geonode:RD_AccidentesCosteros</gco:CharacterString>
           </gmd:name>
           
           <gmd:title>
             <gco:CharacterString>Accidentes Físico Naturales de la Costa de República Dominicana</gco:CharacterString>
           </gmd:title>
           <gmd:date>
             <gmd:CI_Date>
               <gmd:date>
                 <gco:DateTime>2020-08-28T14:04:00Z</gco:DateTime>
               </gmd:date>
               <gmd:dateType>
                 <gmd:CI_DateTypeCode codeSpace="ISOTC211/19115" codeList="http://www.isotc211.org/2005/resources/Codelist/gmxCodelists.xml#CI_DateTypeCode" codeListValue="publication">publication</gmd:CI_DateTypeCode>
               </gmd:dateType>
             </gmd:CI_Date>
           </gmd:date>
           <gmd:edition>
                 <gco:CharacterString>1.0</gco:CharacterString>
           </gmd:edition>
           <gmd:presentationForm>
             <gmd:CI_PresentationFormCode codeSpace="ISOTC211/19115" codeList="http://www.isotc211.org/2005/resources/Codelist/gmxCodelists.xml#CI_PresentationFormCode" codeListValue="mapDigital">mapDigital</gmd:CI_PresentationFormCode>
           </gmd:presentationForm>
         </gmd:CI_Citation>
       </gmd:citation>
       <gmd:abstract>
         <gco:CharacterString>Capa cartográfica indicatoria de los lugares donde se encuentran accidentes geográficos propios de la costa de  la  República  Dominicana.  Tales  como:  Bahías, Ensenadas,  Cayos,  Cabos,  Playas,  Islas,  Puntas, Penínsulas,  Promontorios,  Procurrentes,  Mangles, Deltas, Dunas, Arrecifes, Estuarios y Humedales.</gco:CharacterString>
       </gmd:abstract>
       <gmd:purpose gco:nilReason="missing">
             
       </gmd:purpose>
       <gmd:status>
         <gmd:MD_ProgressCode codeSpace="ISOTC211/19115" codeList="http://www.isotc211.org/2005/resources/Codelist/gmxCodelists.xml#MD_ProgressCode" codeListValue="completed">completed</gmd:MD_ProgressCode>
       </gmd:status>

       
       <gmd:pointOfContact>
         <gmd:CI_ResponsibleParty>
           <gmd:individualName gco:nilReason="missing">
             
           </gmd:individualName>
           <gmd:organisationName gco:nilReason="missing">
             
           </gmd:organisationName>
           <gmd:positionName gco:nilReason="missing">
             
           </gmd:positionName>
           <gmd:contactInfo>
             <gmd:CI_Contact>
               <gmd:phone>
                 <gmd:CI_Telephone>
                   <gmd:voice gco:nilReason="missing">
                     
                   </gmd:voice>
                   <gmd:facsimile gco:nilReason="missing">
                     
                   </gmd:facsimile>
                 </gmd:CI_Telephone>
               </gmd:phone>
               <gmd:address>
                 <gmd:CI_Address>
                   <gmd:deliveryPoint gco:nilReason="missing">
                     
                   </gmd:deliveryPoint>
                   <gmd:city gco:nilReason="missing">
                     
                   </gmd:city>
                   <gmd:administrativeArea gco:nilReason="missing">
                     
                   </gmd:administrativeArea>
                   <gmd:postalCode gco:nilReason="missing">
                     
                   </gmd:postalCode>
                   <gmd:country gco:nilReason="missing">
                     
                   </gmd:country>
                   <gmd:electronicMailAddress gco:nilReason="missing">
                     
                   </gmd:electronicMailAddress>
                 </gmd:CI_Address>
               </gmd:address>
               
             </gmd:CI_Contact>
           </gmd:contactInfo>
           <gmd:role>
             <gmd:CI_RoleCode codeSpace="ISOTC211/19115" codeList="http://www.isotc211.org/2005/resources/Codelist/gmxCodelists.xml#CI_RoleCode" codeListValue="originator">originator</gmd:CI_RoleCode>
           </gmd:role>
         </gmd:CI_ResponsibleParty>
       </gmd:pointOfContact>
       

       
       <gmd:resourceMaintenance>
         <gmd:MD_MaintenanceInformation>
           <gmd:maintenanceAndUpdateFrequency>
             <gmd:MD_MaintenanceFrequencyCode codeSpace="ISOTC211/19115" codeList="http://www.isotc211.org/2005/resources/Codelist/gmxCodelists.xml#MD_MaintenanceFrequencyCode" codeListValue="unknown">unknown</gmd:MD_MaintenanceFrequencyCode>
           </gmd:maintenanceAndUpdateFrequency>
         </gmd:MD_MaintenanceInformation>
       </gmd:resourceMaintenance>
       
       <gmd:graphicOverview>
         <gmd:MD_BrowseGraphic>
           <gmd:fileName>
             <gco:CharacterString>http://iderd.ign.gob.do:80/uploaded/thumbs/layer-3b28030c-a6c2-11eb-980c-0242ac120004-thumb.png</gco:CharacterString>
           </gmd:fileName>
           <gmd:fileDescription>
             <gco:CharacterString>Thumbnail for 'Accidentes Físico Naturales de la Costa de República Dominicana'</gco:CharacterString>
           </gmd:fileDescription>
           <gmd:fileType>
             <gco:CharacterString>image/png</gco:CharacterString>
           </gmd:fileType>
         </gmd:MD_BrowseGraphic>
       </gmd:graphicOverview>
       <gmd:resourceFormat>
         <gmd:MD_Format>
           <gmd:name>
             
             <gco:CharacterString>ESRI Shapefile</gco:CharacterString>
             
           </gmd:name>
           <gmd:version>
             <gco:CharacterString>1.0</gco:CharacterString>
           </gmd:version>
         </gmd:MD_Format>
       </gmd:resourceFormat>
       
       <gmd:descriptiveKeywords>
         <gmd:MD_Keywords>
           
           <gmd:keyword>
             <gco:CharacterString>Accidentescosteros</gco:CharacterString>
           </gmd:keyword>
           
           <gmd:keyword>
             <gco:CharacterString>Arrecifes</gco:CharacterString>
           </gmd:keyword>
           
           <gmd:keyword>
             <gco:CharacterString>Bahías</gco:CharacterString>
           </gmd:keyword>
           
           <gmd:keyword>
             <gco:CharacterString>Cabos</gco:CharacterString>
           </gmd:keyword>
           
           <gmd:keyword>
             <gco:CharacterString>Cayos</gco:CharacterString>
           </gmd:keyword>
           
           <gmd:keyword>
             <gco:CharacterString>Deltas</gco:CharacterString>
           </gmd:keyword>
           
           <gmd:keyword>
             <gco:CharacterString>Dunas</gco:CharacterString>
           </gmd:keyword>
           
           <gmd:keyword>
             <gco:CharacterString>Ensenadas</gco:CharacterString>
           </gmd:keyword>
           
           <gmd:keyword>
             <gco:CharacterString>Estuarios</gco:CharacterString>
           </gmd:keyword>
           
           <gmd:keyword>
             <gco:CharacterString>Humedales</gco:CharacterString>
           </gmd:keyword>
           
           <gmd:keyword>
             <gco:CharacterString>Islas</gco:CharacterString>
           </gmd:keyword>
           
           <gmd:keyword>
             <gco:CharacterString>Mangles</gco:CharacterString>
           </gmd:keyword>
           
           <gmd:keyword>
             <gco:CharacterString>Penínsulas</gco:CharacterString>
           </gmd:keyword>
           
           <gmd:keyword>
             <gco:CharacterString>Playas</gco:CharacterString>
           </gmd:keyword>
           
           <gmd:keyword>
             <gco:CharacterString>Procurrentes</gco:CharacterString>
           </gmd:keyword>
           
           <gmd:keyword>
             <gco:CharacterString>Promontorios</gco:CharacterString>
           </gmd:keyword>
           
           <gmd:keyword>
             <gco:CharacterString>Puntas</gco:CharacterString>
           </gmd:keyword>
           
           <gmd:keyword>
             <gco:CharacterString>República Dominicana</gco:CharacterString>
           </gmd:keyword>
           
           <gmd:type>
              <gmd:MD_KeywordTypeCode codeSpace="ISOTC211/19115" codeList="http://www.isotc211.org/2005/resources/Codelist/gmxCodelists.xml#MD_KeywordTypeCode" codeListValue="theme">theme</gmd:MD_KeywordTypeCode>
            </gmd:type>
         </gmd:MD_Keywords>
       </gmd:descriptiveKeywords>
       
       
       <gmd:descriptiveKeywords>
         <gmd:MD_Keywords>
           <gmd:keyword>
             <gco:CharacterString>Dominican Republic</gco:CharacterString>
           </gmd:keyword>
           <gmd:type>
              <gmd:MD_KeywordTypeCode codeSpace="ISOTC211/19115" codeList="http://www.isotc211.org/2005/resources/Codelist/gmxCodelists.xml#MD_KeywordTypeCode" codeListValue="place">place</gmd:MD_KeywordTypeCode>
            </gmd:type>
         </gmd:MD_Keywords>
       </gmd:descriptiveKeywords>
       
       
       
       <gmd:resourceConstraints>
         <gmd:MD_LegalConstraints>
           <gmd:useConstraints>
             <gmd:MD_RestrictionCode codeSpace="ISOTC211/19115" codeList="http://www.isotc211.org/2005/resources/Codelist/gmxCodelists.xml#MD_RestrictionCode" codeListValue="license">license</gmd:MD_RestrictionCode>
           </gmd:useConstraints>
           <gmd:otherConstraints>
             <gco:CharacterString>Not Specified: The original author did not specify a license.</gco:CharacterString>
           </gmd:otherConstraints>
         </gmd:MD_LegalConstraints>
       </gmd:resourceConstraints>
       
       <gmd:resourceConstraints>
         <gmd:MD_LegalConstraints>
           <gmd:useConstraints>
              <gmd:MD_RestrictionCode codeSpace="ISOTC211/19115" codeList="http://www.isotc211.org/2005/resources/Codelist/gmxCodelists.xml#MD_RestrictionCode" codeListValue=""/>
           </gmd:useConstraints>
           <gmd:otherConstraints>
             <gco:CharacterString/>
           </gmd:otherConstraints>
         </gmd:MD_LegalConstraints>
       </gmd:resourceConstraints>
       <gmd:spatialRepresentationType>
         <gmd:MD_SpatialRepresentationTypeCode codeSpace="ISOTC211/19115" codeList="http://www.isotc211.org/2005/resources/Codelist/gmxCodelists.xml#MD_SpatialRepresentationTypeCode" codeListValue="vector">vector</gmd:MD_SpatialRepresentationTypeCode>
       </gmd:spatialRepresentationType>
       <gmd:language>
         <gco:CharacterString>spa</gco:CharacterString>
       </gmd:language>
       <gmd:characterSet>
         <gmd:MD_CharacterSetCode codeSpace="ISOTC211/19115" codeList="http://www.isotc211.org/2005/resources/Codelist/gmxCodelists.xml#MD_CharacterSetCode" codeListValue="utf8">utf8</gmd:MD_CharacterSetCode>
       </gmd:characterSet>
       <gmd:topicCategory gco:nilReason="missing">
         
       </gmd:topicCategory>
       <gmd:extent>
         <gmd:EX_Extent>
           <gmd:geographicElement>
             <gmd:EX_GeographicBoundingBox>
               <gmd:westBoundLongitude>
                 <gco:Decimal>-71.7987294322</gco:Decimal>
               </gmd:westBoundLongitude>
               <gmd:eastBoundLongitude>
                 <gco:Decimal>-68.3242794752</gco:Decimal>
               </gmd:eastBoundLongitude>
               <gmd:southBoundLatitude>
                 <gco:Decimal>17.4754345787</gco:Decimal>
               </gmd:southBoundLatitude>
               <gmd:northBoundLatitude>
                 <gco:Decimal>19.9315428609</gco:Decimal>
               </gmd:northBoundLatitude>
             </gmd:EX_GeographicBoundingBox>
           </gmd:geographicElement>
         </gmd:EX_Extent>
       </gmd:extent>
       
       <gmd:supplementalInformation>
         <gco:CharacterString>No se provee información</gco:CharacterString>
       </gmd:supplementalInformation>
     </gmd:MD_DataIdentification>
   </gmd:identificationInfo>

   <gmd:contentInfo>
     
     <gmd:includedWithDataset>
       <gco:Boolean>0</gco:Boolean>
     </gmd:includedWithDataset>
     <gmd:MD_FeatureCatalogueDescription>
       <gmd:featureCatalogueCitation uuidref="3b28030c-a6c2-11eb-980c-0242ac120004" xlink:href="http://iderd.ign.gob.do:80/layers/geonode_data:geonode:RD_AccidentesCosteros/feature_catalogue"/>
     </gmd:MD_FeatureCatalogueDescription>
     
   </gmd:contentInfo>
   <gmd:distributionInfo>
     <gmd:MD_Distribution>
       <gmd:transferOptions>
         <gmd:MD_DigitalTransferOptions>
           <gmd:onLine>
             <gmd:CI_OnlineResource>
               <gmd:linkage>
                   <gmd:URL>http://iderd.ign.gob.do:80/layers/geonode_data:geonode:RD_AccidentesCosteros</gmd:URL>
               </gmd:linkage>
               <gmd:protocol>
                 <gco:CharacterString>WWW:LINK-1.0-http--link</gco:CharacterString>
               </gmd:protocol>
               <gmd:description>
                 <gco:CharacterString>Online link to the 'Accidentes Físico Naturales de la Costa de República Dominicana' description on GeoNode</gco:CharacterString>
               </gmd:description>
             </gmd:CI_OnlineResource>
           </gmd:onLine>
           
           <gmd:onLine>
             <gmd:CI_OnlineResource>
               <gmd:linkage>
                 <gmd:URL>http://iderd.ign.gob.do:80/geoserver/ows?outputFormat=SHAPE-ZIP&amp;service=WFS&amp;srs=EPSG%3A3857&amp;request=GetFeature&amp;format_options=charset%3AUTF-8&amp;typename=geonode%3ARD_AccidentesCosteros&amp;version=1.0.0</gmd:URL>
               </gmd:linkage>
               <gmd:protocol>
                 <gco:CharacterString>WWW:DOWNLOAD-1.0-http--download</gco:CharacterString>
               </gmd:protocol>
               <gmd:name>
                 <gco:CharacterString>RD_AccidentesCosteros.zip</gco:CharacterString>
               </gmd:name>
               <gmd:description>
                 <gco:CharacterString>Accidentes Físico Naturales de la Costa de República Dominicana (Shapefile Comprimido Format)</gco:CharacterString>
               </gmd:description>
             </gmd:CI_OnlineResource>
           </gmd:onLine>
           
           <gmd:onLine>
             <gmd:CI_OnlineResource>
               <gmd:linkage>
                 <gmd:URL>http://iderd.ign.gob.do:80/download/126</gmd:URL>
               </gmd:linkage>
               <gmd:protocol>
                 <gco:CharacterString>WWW:DOWNLOAD-1.0-http--download</gco:CharacterString>
               </gmd:protocol>
               <gmd:name>
                 <gco:CharacterString>RD_AccidentesCosteros.zip</gco:CharacterString>
               </gmd:name>
               <gmd:description>
                 <gco:CharacterString>Accidentes Físico Naturales de la Costa de República Dominicana (Original Dataset Format)</gco:CharacterString>
               </gmd:description>
             </gmd:CI_OnlineResource>
           </gmd:onLine>
           
           <gmd:onLine>
             <gmd:CI_OnlineResource>
               <gmd:linkage>
                 <gmd:URL>http://iderd.ign.gob.do:80/geoserver/ows?layers=geonode%3ARD_AccidentesCosteros&amp;service=WMS&amp;format=image%2Fjpeg&amp;request=GetMap&amp;height=550&amp;width=550&amp;bbox=-7992598.000000000000000%2C1976239.375000000000000%2C-7605824.000000000000000%2C2264923.000000000000000&amp;srs=EPSG%3A3857</gmd:URL>
               </gmd:linkage>
               <gmd:protocol>
                 <gco:CharacterString>WWW:DOWNLOAD-1.0-http--download</gco:CharacterString>
               </gmd:protocol>
               <gmd:name>
                 <gco:CharacterString>RD_AccidentesCosteros.jpg</gco:CharacterString>
               </gmd:name>
               <gmd:description>
                 <gco:CharacterString>Accidentes Físico Naturales de la Costa de República Dominicana (JPEG Format)</gco:CharacterString>
               </gmd:description>
             </gmd:CI_OnlineResource>
           </gmd:onLine>
           
           <gmd:onLine>
             <gmd:CI_OnlineResource>
               <gmd:linkage>
                 <gmd:URL>http://iderd.ign.gob.do:80/geoserver/ows?layers=geonode%3ARD_AccidentesCosteros&amp;service=WMS&amp;format=application%2Fpdf&amp;request=GetMap&amp;height=550&amp;width=550&amp;bbox=-7992598.000000000000000%2C1976239.375000000000000%2C-7605824.000000000000000%2C2264923.000000000000000&amp;srs=EPSG%3A3857</gmd:URL>
               </gmd:linkage>
               <gmd:protocol>
                 <gco:CharacterString>WWW:DOWNLOAD-1.0-http--download</gco:CharacterString>
               </gmd:protocol>
               <gmd:name>
                 <gco:CharacterString>RD_AccidentesCosteros.pdf</gco:CharacterString>
               </gmd:name>
               <gmd:description>
                 <gco:CharacterString>Accidentes Físico Naturales de la Costa de República Dominicana (PDF Format)</gco:CharacterString>
               </gmd:description>
             </gmd:CI_OnlineResource>
           </gmd:onLine>
           
           <gmd:onLine>
             <gmd:CI_OnlineResource>
               <gmd:linkage>
                 <gmd:URL>http://iderd.ign.gob.do:80/geoserver/ows?layers=geonode%3ARD_AccidentesCosteros&amp;service=WMS&amp;format=image%2Fpng&amp;request=GetMap&amp;height=550&amp;width=550&amp;bbox=-7992598.000000000000000%2C1976239.375000000000000%2C-7605824.000000000000000%2C2264923.000000000000000&amp;srs=EPSG%3A3857</gmd:URL>
               </gmd:linkage>
               <gmd:protocol>
                 <gco:CharacterString>WWW:DOWNLOAD-1.0-http--download</gco:CharacterString>
               </gmd:protocol>
               <gmd:name>
                 <gco:CharacterString>RD_AccidentesCosteros.png</gco:CharacterString>
               </gmd:name>
               <gmd:description>
                 <gco:CharacterString>Accidentes Físico Naturales de la Costa de República Dominicana (PNG Format)</gco:CharacterString>
               </gmd:description>
             </gmd:CI_OnlineResource>
           </gmd:onLine>
           
           <gmd:onLine>
             <gmd:CI_OnlineResource>
               <gmd:linkage>
                 <gmd:URL>http://iderd.ign.gob.do:80/geoserver/ows?outputFormat=SHAPE-ZIP&amp;service=WFS&amp;srs=EPSG%3A3857&amp;request=GetFeature&amp;format_options=charset%3AUTF-8&amp;typename=geonode%3ARD_AccidentesCosteros&amp;version=1.0.0</gmd:URL>
               </gmd:linkage>
               <gmd:protocol>
                 <gco:CharacterString>WWW:DOWNLOAD-1.0-http--download</gco:CharacterString>
               </gmd:protocol>
               <gmd:name>
                 <gco:CharacterString>RD_AccidentesCosteros.zip</gco:CharacterString>
               </gmd:name>
               <gmd:description>
                 <gco:CharacterString>Accidentes Físico Naturales de la Costa de República Dominicana (Zipped Shapefile Format)</gco:CharacterString>
               </gmd:description>
             </gmd:CI_OnlineResource>
           </gmd:onLine>
           
           <gmd:onLine>
             <gmd:CI_OnlineResource>
               <gmd:linkage>
                 <gmd:URL>http://iderd.ign.gob.do:80/geoserver/ows?outputFormat=gml2&amp;service=WFS&amp;srs=EPSG%3A3857&amp;request=GetFeature&amp;typename=geonode%3ARD_AccidentesCosteros&amp;version=1.0.0</gmd:URL>
               </gmd:linkage>
               <gmd:protocol>
                 <gco:CharacterString>WWW:DOWNLOAD-1.0-http--download</gco:CharacterString>
               </gmd:protocol>
               <gmd:name>
                 <gco:CharacterString>RD_AccidentesCosteros.gml</gco:CharacterString>
               </gmd:name>
               <gmd:description>
                 <gco:CharacterString>Accidentes Físico Naturales de la Costa de República Dominicana (GML 2.0 Format)</gco:CharacterString>
               </gmd:description>
             </gmd:CI_OnlineResource>
           </gmd:onLine>
           
           <gmd:onLine>
             <gmd:CI_OnlineResource>
               <gmd:linkage>
                 <gmd:URL>http://iderd.ign.gob.do:80/geoserver/ows?outputFormat=text%2Fxml%3B+subtype%3Dgml%2F3.1.1&amp;service=WFS&amp;srs=EPSG%3A3857&amp;request=GetFeature&amp;typename=geonode%3ARD_AccidentesCosteros&amp;version=1.0.0</gmd:URL>
               </gmd:linkage>
               <gmd:protocol>
                 <gco:CharacterString>WWW:DOWNLOAD-1.0-http--download</gco:CharacterString>
               </gmd:protocol>
               <gmd:name>
                 <gco:CharacterString>RD_AccidentesCosteros.gml</gco:CharacterString>
               </gmd:name>
               <gmd:description>
                 <gco:CharacterString>Accidentes Físico Naturales de la Costa de República Dominicana (GML 3.1.1 Format)</gco:CharacterString>
               </gmd:description>
             </gmd:CI_OnlineResource>
           </gmd:onLine>
           
           <gmd:onLine>
             <gmd:CI_OnlineResource>
               <gmd:linkage>
                 <gmd:URL>http://iderd.ign.gob.do:80/geoserver/ows?outputFormat=csv&amp;service=WFS&amp;srs=EPSG%3A3857&amp;request=GetFeature&amp;typename=geonode%3ARD_AccidentesCosteros&amp;version=1.0.0</gmd:URL>
               </gmd:linkage>
               <gmd:protocol>
                 <gco:CharacterString>WWW:DOWNLOAD-1.0-http--download</gco:CharacterString>
               </gmd:protocol>
               <gmd:name>
                 <gco:CharacterString>RD_AccidentesCosteros.csv</gco:CharacterString>
               </gmd:name>
               <gmd:description>
                 <gco:CharacterString>Accidentes Físico Naturales de la Costa de República Dominicana (CSV Format)</gco:CharacterString>
               </gmd:description>
             </gmd:CI_OnlineResource>
           </gmd:onLine>
           
           <gmd:onLine>
             <gmd:CI_OnlineResource>
               <gmd:linkage>
                 <gmd:URL>http://iderd.ign.gob.do:80/geoserver/ows?outputFormat=excel&amp;service=WFS&amp;srs=EPSG%3A3857&amp;request=GetFeature&amp;typename=geonode%3ARD_AccidentesCosteros&amp;version=1.0.0</gmd:URL>
               </gmd:linkage>
               <gmd:protocol>
                 <gco:CharacterString>WWW:DOWNLOAD-1.0-http--download</gco:CharacterString>
               </gmd:protocol>
               <gmd:name>
                 <gco:CharacterString>RD_AccidentesCosteros.excel</gco:CharacterString>
               </gmd:name>
               <gmd:description>
                 <gco:CharacterString>Accidentes Físico Naturales de la Costa de República Dominicana (Excel Format)</gco:CharacterString>
               </gmd:description>
             </gmd:CI_OnlineResource>
           </gmd:onLine>
           
           <gmd:onLine>
             <gmd:CI_OnlineResource>
               <gmd:linkage>
                 <gmd:URL>http://iderd.ign.gob.do:80/geoserver/ows?srsName=EPSG%3A3857&amp;outputFormat=json&amp;service=WFS&amp;srs=EPSG%3A3857&amp;request=GetFeature&amp;typename=geonode%3ARD_AccidentesCosteros&amp;version=1.0.0</gmd:URL>
               </gmd:linkage>
               <gmd:protocol>
                 <gco:CharacterString>WWW:DOWNLOAD-1.0-http--download</gco:CharacterString>
               </gmd:protocol>
               <gmd:name>
                 <gco:CharacterString>RD_AccidentesCosteros.json</gco:CharacterString>
               </gmd:name>
               <gmd:description>
                 <gco:CharacterString>Accidentes Físico Naturales de la Costa de República Dominicana (GeoJSON Format)</gco:CharacterString>
               </gmd:description>
             </gmd:CI_OnlineResource>
           </gmd:onLine>
           
           <gmd:onLine>
             <gmd:CI_OnlineResource>
               <gmd:linkage>
                 <gmd:URL>http://iderd.ign.gob.do:80/geoserver/ows?service=WMS&amp;request=GetLegendGraphic&amp;format=image/png&amp;WIDTH=20&amp;HEIGHT=20&amp;LAYER=geonode:RD_AccidentesCosteros&amp;STYLE=RD_AccidentesCosteros&amp;legend_options=fontAntiAliasing:true;fontSize:12;forceLabels:on</gmd:URL>
               </gmd:linkage>
               <gmd:protocol>
                 <gco:CharacterString>WWW:DOWNLOAD-1.0-http--download</gco:CharacterString>
               </gmd:protocol>
               <gmd:name>
                 <gco:CharacterString>RD_AccidentesCosteros.png</gco:CharacterString>
               </gmd:name>
               <gmd:description>
                 <gco:CharacterString>Accidentes Físico Naturales de la Costa de República Dominicana (Legend Format)</gco:CharacterString>
               </gmd:description>
             </gmd:CI_OnlineResource>
           </gmd:onLine>
           
           <gmd:onLine>
             <gmd:CI_OnlineResource>
               <gmd:linkage>
                 <gmd:URL>http://iderd.ign.gob.do:80/geoserver/ows?layers=geonode:RD_AccidentesCosteros&amp;crs=EPSG:4326&amp;service=WMS&amp;format=image/png8&amp;access_token=XH6x6LPE0A1MB04dNyfxwSwrQiCp5O&amp;request=GetMap&amp;height=180&amp;width=240&amp;version=1.1.1&amp;bbox=-71.7987294322,17.4754345787,-68.3242794752,19.9315428609</gmd:URL>
               </gmd:linkage>
               <gmd:protocol>
                 <gco:CharacterString>WWW:DOWNLOAD-1.0-http--download</gco:CharacterString>
               </gmd:protocol>
               <gmd:name>
                 <gco:CharacterString>RD_AccidentesCosteros.png</gco:CharacterString>
               </gmd:name>
               <gmd:description>
                 <gco:CharacterString>Accidentes Físico Naturales de la Costa de República Dominicana (Remote Thumbnail Format)</gco:CharacterString>
               </gmd:description>
             </gmd:CI_OnlineResource>
           </gmd:onLine>
           
           <gmd:onLine>
             <gmd:CI_OnlineResource>
               <gmd:linkage>
                 <gmd:URL>http://iderd.ign.gob.do:80/uploaded/thumbs/layer-3b28030c-a6c2-11eb-980c-0242ac120004-thumb.png</gmd:URL>
               </gmd:linkage>
               <gmd:protocol>
                 <gco:CharacterString>WWW:DOWNLOAD-1.0-http--download</gco:CharacterString>
               </gmd:protocol>
               <gmd:name>
                 <gco:CharacterString>RD_AccidentesCosteros.png</gco:CharacterString>
               </gmd:name>
               <gmd:description>
                 <gco:CharacterString>Accidentes Físico Naturales de la Costa de República Dominicana (Thumbnail Format)</gco:CharacterString>
               </gmd:description>
             </gmd:CI_OnlineResource>
           </gmd:onLine>
           
           
           <gmd:onLine>
             <gmd:CI_OnlineResource>
               <gmd:linkage>
                 <gmd:URL>http://iderd.ign.gob.do:80/geoserver/ows</gmd:URL>
               </gmd:linkage>
               <gmd:protocol>
                 <gco:CharacterString>OGC:WMS</gco:CharacterString>
               </gmd:protocol>
               <gmd:name>
                 <gco:CharacterString>geonode:RD_AccidentesCosteros</gco:CharacterString>
               </gmd:name>
               <gmd:description>
                 <gco:CharacterString>geonode Service - Provides Layer: Accidentes Físico Naturales de la Costa de República Dominicana</gco:CharacterString>
               </gmd:description>
             </gmd:CI_OnlineResource>
           </gmd:onLine>
           
           <gmd:onLine>
             <gmd:CI_OnlineResource>
               <gmd:linkage>
                 <gmd:URL>http://iderd.ign.gob.do:80/geoserver/ows</gmd:URL>
               </gmd:linkage>
               <gmd:protocol>
                 <gco:CharacterString>OGC:WFS</gco:CharacterString>
               </gmd:protocol>
               <gmd:name>
                 <gco:CharacterString>geonode:RD_AccidentesCosteros</gco:CharacterString>
               </gmd:name>
               <gmd:description>
                 <gco:CharacterString>geonode Service - Provides Layer: Accidentes Físico Naturales de la Costa de República Dominicana</gco:CharacterString>
               </gmd:description>
             </gmd:CI_OnlineResource>
           </gmd:onLine>
           
         </gmd:MD_DigitalTransferOptions>
       </gmd:transferOptions>
     </gmd:MD_Distribution>
   </gmd:distributionInfo>
   <gmd:dataQualityInfo>
     <gmd:DQ_DataQuality>
       <gmd:scope>
         <gmd:DQ_Scope>
           <gmd:level>
             <gmd:MD_ScopeCode codeSpace="ISOTC211/19115" codeList="http://www.isotc211.org/2005/resources/Codelist/gmxCodelists.xml#MD_ScopeCode" codeListValue="dataset">dataset</gmd:MD_ScopeCode>
           </gmd:level>
         </gmd:DQ_Scope>
       </gmd:scope>
       <gmd:lineage>
         <gmd:LI_Lineage>
           <gmd:statement><gco:CharacterString>Escala: 1:50,000 Sistema de coordenadas proyectadas: WGS_1984_UTM_Zone_19N Fuente Base: Hojas topográficas nacionales Serie E733, Mapa topográfico IGU, Mapas Varios: Atlas Biodiversidad y RN 2012, GAAR, Síntesis Geográfica-CONARE, entre otros. Capa cartográfica elaborada por el Departamento de Producción Cartográfica de la Dirección de Cartografía del IGN-JJHM en febrero de 2019.  Actualizada en noviembre de 2019.</gco:CharacterString></gmd:statement>
         </gmd:LI_Lineage>
       </gmd:lineage>
     </gmd:DQ_DataQuality>
   </gmd:dataQualityInfo>
 </gmd:MD_Metadata>
</csw:GetRecordByIdResponse>
