<?xml version="1.0" encoding="UTF-8" standalone="no"?>
<!-- pycsw 2.4.0 -->
<csw:GetRecordByIdResponse xmlns:atom="http://www.w3.org/2005/Atom" xmlns:csw="http://www.opengis.net/cat/csw/2.0.2" xmlns:dc="http://purl.org/dc/elements/1.1/" xmlns:dct="http://purl.org/dc/terms/" xmlns:gmd="http://www.isotc211.org/2005/gmd" xmlns:gml="http://www.opengis.net/gml" xmlns:ows="http://www.opengis.net/ows" xmlns:xs="http://www.w3.org/2001/XMLSchema" xmlns:xsi="http://www.w3.org/2001/XMLSchema-instance" xsi:schemaLocation="http://www.opengis.net/cat/csw/2.0.2 http://schemas.opengis.net/csw/2.0.2/CSW-discovery.xsd">
  <atom:entry xmlns:georss="http://www.georss.org/georss" xsi:schemaLocation="http://www.w3.org/2005/Atom http://www.kbcafe.com/rss/atom.xsd.xml">
    <atom:author>
      <atom:name>Marcos Cabrera</atom:name>
    </atom:author>
    <atom:category term="features"/>
    <atom:category term="sectores_Distrito_Nacional"/>
    <atom:contributor>Marcos Cabrera</atom:contributor>
    <atom:id>2efd7200-c8a8-11e9-8298-0242ac120003</atom:id>
    <dc:identifier>2efd7200-c8a8-11e9-8298-0242ac120003</dc:identifier>
    <atom:link href="http://geoportal.catastro.gob.do:80/download/10" title="PROMEDIO DE VALOR CATASTRAL EN RD$ SECTORES DEL DISTRITO NACIONAL (Original Dataset Format)" type="WWW:DOWNLOAD-1.0-http--download"/>
    <atom:link href="http://geoportal.catastro.gob.do:80/geoserver/ows?layers=geonode%3Asectores_Distrito_Nacional&amp;service=WMS&amp;format=image%2Fjpeg&amp;request=GetMap&amp;height=550&amp;width=521&amp;bbox=394514.9375%2C2037241.375%2C407617.4375%2C2051059.125&amp;srs=EPSG%3A32619" title="PROMEDIO DE VALOR CATASTRAL EN RD$ SECTORES DEL DISTRITO NACIONAL (JPEG Format)" type="WWW:DOWNLOAD-1.0-http--download"/>
    <atom:link href="http://geoportal.catastro.gob.do:80/geoserver/ows?layers=geonode%3Asectores_Distrito_Nacional&amp;service=WMS&amp;format=application%2Fpdf&amp;request=GetMap&amp;height=550&amp;width=521&amp;bbox=394514.9375%2C2037241.375%2C407617.4375%2C2051059.125&amp;srs=EPSG%3A32619" title="PROMEDIO DE VALOR CATASTRAL EN RD$ SECTORES DEL DISTRITO NACIONAL (PDF Format)" type="WWW:DOWNLOAD-1.0-http--download"/>
    <atom:link href="http://geoportal.catastro.gob.do:80/geoserver/ows?layers=geonode%3Asectores_Distrito_Nacional&amp;service=WMS&amp;format=image%2Fpng&amp;request=GetMap&amp;height=550&amp;width=521&amp;bbox=394514.9375%2C2037241.375%2C407617.4375%2C2051059.125&amp;srs=EPSG%3A32619" title="PROMEDIO DE VALOR CATASTRAL EN RD$ SECTORES DEL DISTRITO NACIONAL (PNG Format)" type="WWW:DOWNLOAD-1.0-http--download"/>
    <atom:link href="http://geoportal.catastro.gob.do:80/geoserver/ows?outputFormat=SHAPE-ZIP&amp;service=WFS&amp;srs=EPSG%3A32619&amp;request=GetFeature&amp;format_options=charset%3AUTF-8&amp;typename=geonode%3Asectores_Distrito_Nacional&amp;version=1.0.0" title="PROMEDIO DE VALOR CATASTRAL EN RD$ SECTORES DEL DISTRITO NACIONAL (Shapefile Comprimido Format)" type="WWW:DOWNLOAD-1.0-http--download"/>
    <atom:link href="http://geoportal.catastro.gob.do:80/geoserver/ows?outputFormat=gml2&amp;service=WFS&amp;srs=EPSG%3A32619&amp;request=GetFeature&amp;typename=geonode%3Asectores_Distrito_Nacional&amp;version=1.0.0" title="PROMEDIO DE VALOR CATASTRAL EN RD$ SECTORES DEL DISTRITO NACIONAL (GML 2.0 Format)" type="WWW:DOWNLOAD-1.0-http--download"/>
    <atom:link href="http://geoportal.catastro.gob.do:80/geoserver/ows?outputFormat=text%2Fxml%3B+subtype%3Dgml%2F3.1.1&amp;service=WFS&amp;srs=EPSG%3A32619&amp;request=GetFeature&amp;typename=geonode%3Asectores_Distrito_Nacional&amp;version=1.0.0" title="PROMEDIO DE VALOR CATASTRAL EN RD$ SECTORES DEL DISTRITO NACIONAL (GML 3.1.1 Format)" type="WWW:DOWNLOAD-1.0-http--download"/>
    <atom:link href="http://geoportal.catastro.gob.do:80/geoserver/ows?outputFormat=csv&amp;service=WFS&amp;srs=EPSG%3A32619&amp;request=GetFeature&amp;typename=geonode%3Asectores_Distrito_Nacional&amp;version=1.0.0" title="PROMEDIO DE VALOR CATASTRAL EN RD$ SECTORES DEL DISTRITO NACIONAL (CSV Format)" type="WWW:DOWNLOAD-1.0-http--download"/>
    <atom:link href="http://geoportal.catastro.gob.do:80/geoserver/ows?outputFormat=excel&amp;service=WFS&amp;srs=EPSG%3A32619&amp;request=GetFeature&amp;typename=geonode%3Asectores_Distrito_Nacional&amp;version=1.0.0" title="PROMEDIO DE VALOR CATASTRAL EN RD$ SECTORES DEL DISTRITO NACIONAL (Excel Format)" type="WWW:DOWNLOAD-1.0-http--download"/>
    <atom:link href="http://geoportal.catastro.gob.do:80/geoserver/ows?srsName=EPSG%3A32619&amp;outputFormat=json&amp;service=WFS&amp;srs=EPSG%3A32619&amp;request=GetFeature&amp;typename=geonode%3Asectores_Distrito_Nacional&amp;version=1.0.0" title="PROMEDIO DE VALOR CATASTRAL EN RD$ SECTORES DEL DISTRITO NACIONAL (GeoJSON Format)" type="WWW:DOWNLOAD-1.0-http--download"/>
    <atom:link href="http://geoportal.catastro.gob.do:80/layers/geonode:sectores_Distrito_Nacional" title="Web address (URL)" type="WWW:LINK-1.0-http--link"/>
    <atom:link href="18.5481695476" title="PROMEDIO DE VALOR CATASTRAL EN RD$ SECTORES DEL DISTRITO NACIONAL (Remote Thumbnail Format)" type="WWW:DOWNLOAD-1.0-http--download"/>
    <atom:link href="http://geoportal.catastro.gob.do:80/geoserver/ows" title="OGC WMS: geonode Service" type="OGC:WMS"/>
    <atom:link href="http://geoportal.catastro.gob.do:80/geoserver/ows" title="OGC WFS: geonode Service" type="OGC:WFS"/>
    <atom:link href="http://geoportal.catastro.gob.do:80/uploaded/thumbs/layer-2efd7200-c8a8-11e9-8298-0242ac120003-thumb.png" title="PROMEDIO DE VALOR CATASTRAL EN RD$ SECTORES DEL DISTRITO NACIONAL (Thumbnail Format)" type="WWW:DOWNLOAD-1.0-http--download"/>
    <atom:link href="http://geoportal.catastro.gob.do:80/catalogue/csw?service=CSW&amp;version=2.0.2&amp;request=GetRepositoryItem&amp;id=2efd7200-c8a8-11e9-8298-0242ac120003"/>
    <atom:title>PROMEDIO DE VALOR CATASTRAL EN RD$ SECTORES DEL DISTRITO NACIONAL</atom:title>
    <atom:updated>2019-08-27T08:53:00Z</atom:updated>
    <atom:published>2019-08-27T08:53:00Z</atom:published>
    <atom:summary>Contiene los valores catastrales promedios en RD$ en m² de terreno de los sectores del Distrito Nacional</atom:summary>
    <georss:where>
      <gml:Envelope srsName="http://www.opengis.net/def/crs/EPSG/0/4326">
        <gml:lowerCorner>18.4226849839 -69.9995231718</gml:lowerCorner>
        <gml:upperCorner>18.5481695476 -69.8747481437</gml:upperCorner>
      </gml:Envelope>
    </georss:where>
  </atom:entry>
</csw:GetRecordByIdResponse>
