<?xml version="1.0" encoding="UTF-8" standalone="no"?>
<!-- pycsw 2.4.0 -->
<csw:GetRecordByIdResponse xmlns:csw="http://www.opengis.net/cat/csw/2.0.2" xmlns:dc="http://purl.org/dc/elements/1.1/" xmlns:dct="http://purl.org/dc/terms/" xmlns:dif="http://gcmd.gsfc.nasa.gov/Aboutus/xml/dif/" xmlns:gmd="http://www.isotc211.org/2005/gmd" xmlns:gml="http://www.opengis.net/gml" xmlns:ows="http://www.opengis.net/ows" xmlns:xs="http://www.w3.org/2001/XMLSchema" xmlns:xsi="http://www.w3.org/2001/XMLSchema-instance" xsi:schemaLocation="http://www.opengis.net/cat/csw/2.0.2 http://schemas.opengis.net/csw/2.0.2/CSW-discovery.xsd">
  <dif:DIF xsi:schemaLocation="http://gcmd.gsfc.nasa.gov/Aboutus/xml/dif/ http://gcmd.gsfc.nasa.gov/Aboutus/xml/dif/dif.xsd">
    <dif:Entry_ID>2efd7200-c8a8-11e9-8298-0242ac120003</dif:Entry_ID>
    <dif:Entry_Title>PROMEDIO DE VALOR CATASTRAL EN RD$ SECTORES DEL DISTRITO NACIONAL</dif:Entry_Title>
    <dif:Data_Set_Citation>
      <dif:Dataset_Creator>Marcos Cabrera</dif:Dataset_Creator>
      <dif:Dataset_Release_Date>2019-08-27T08:53:00Z</dif:Dataset_Release_Date>
      <dif:Dataset_Publisher>Marcos Cabrera</dif:Dataset_Publisher>
      <dif:Data_Presentation_Form>vector</dif:Data_Presentation_Form>
    </dif:Data_Set_Citation>
    <dif:ISO_Topic_Category>planningCadastre</dif:ISO_Topic_Category>
    <dif:Keyword>features</dif:Keyword>
    <dif:Keyword>sectores_Distrito_Nacional</dif:Keyword>
    <dif:Temporal_Coverage>
      <dif:Start_Date/>
      <dif:End_Date/>
    </dif:Temporal_Coverage>
    <dif:Spatial_Coverage>
      <dif:Southernmost_Latitude>18.4226849839</dif:Southernmost_Latitude>
      <dif:Northernmost_Latitude>18.5481695476</dif:Northernmost_Latitude>
      <dif:Westernmost_Longitude>-69.9995231718</dif:Westernmost_Longitude>
      <dif:Easternmost_Longitude>-69.8747481437</dif:Easternmost_Longitude>
    </dif:Spatial_Coverage>
    <dif:Access_Constraints/>
    <dif:Data_Set_Language>spa</dif:Data_Set_Language>
    <dif:Originating_Center>Dirección General de Catastro Nacional</dif:Originating_Center>
    <dif:Summary>Contiene los valores catastrales promedios en RD$ en m² de terreno de los sectores del Distrito Nacional</dif:Summary>
    <dif:DIF_Creation_Date>2019-08-27T08:53:00Z</dif:DIF_Creation_Date>
    <dif:Related_URL>
      <dif:URL/>
    </dif:Related_URL>
    <dif:Related_URL>
      <dif:URL_Content_Type>
        <dif:Type>WWW:DOWNLOAD-1.0-http--download</dif:Type>
      </dif:URL_Content_Type>
      <dif:URL>http://geoportal.catastro.gob.do:80/download/10</dif:URL>
      <dif:Description>PROMEDIO DE VALOR CATASTRAL EN RD$ SECTORES DEL DISTRITO NACIONAL (Original Dataset Format)</dif:Description>
    </dif:Related_URL>
    <dif:Related_URL>
      <dif:URL_Content_Type>
        <dif:Type>WWW:DOWNLOAD-1.0-http--download</dif:Type>
      </dif:URL_Content_Type>
      <dif:URL>http://geoportal.catastro.gob.do:80/geoserver/ows?layers=geonode%3Asectores_Distrito_Nacional&amp;service=WMS&amp;format=image%2Fjpeg&amp;request=GetMap&amp;height=550&amp;width=521&amp;bbox=394514.9375%2C2037241.375%2C407617.4375%2C2051059.125&amp;srs=EPSG%3A32619</dif:URL>
      <dif:Description>PROMEDIO DE VALOR CATASTRAL EN RD$ SECTORES DEL DISTRITO NACIONAL (JPEG Format)</dif:Description>
    </dif:Related_URL>
    <dif:Related_URL>
      <dif:URL_Content_Type>
        <dif:Type>WWW:DOWNLOAD-1.0-http--download</dif:Type>
      </dif:URL_Content_Type>
      <dif:URL>http://geoportal.catastro.gob.do:80/geoserver/ows?layers=geonode%3Asectores_Distrito_Nacional&amp;service=WMS&amp;format=application%2Fpdf&amp;request=GetMap&amp;height=550&amp;width=521&amp;bbox=394514.9375%2C2037241.375%2C407617.4375%2C2051059.125&amp;srs=EPSG%3A32619</dif:URL>
      <dif:Description>PROMEDIO DE VALOR CATASTRAL EN RD$ SECTORES DEL DISTRITO NACIONAL (PDF Format)</dif:Description>
    </dif:Related_URL>
    <dif:Related_URL>
      <dif:URL_Content_Type>
        <dif:Type>WWW:DOWNLOAD-1.0-http--download</dif:Type>
      </dif:URL_Content_Type>
      <dif:URL>http://geoportal.catastro.gob.do:80/geoserver/ows?layers=geonode%3Asectores_Distrito_Nacional&amp;service=WMS&amp;format=image%2Fpng&amp;request=GetMap&amp;height=550&amp;width=521&amp;bbox=394514.9375%2C2037241.375%2C407617.4375%2C2051059.125&amp;srs=EPSG%3A32619</dif:URL>
      <dif:Description>PROMEDIO DE VALOR CATASTRAL EN RD$ SECTORES DEL DISTRITO NACIONAL (PNG Format)</dif:Description>
    </dif:Related_URL>
    <dif:Related_URL>
      <dif:URL_Content_Type>
        <dif:Type>WWW:DOWNLOAD-1.0-http--download</dif:Type>
      </dif:URL_Content_Type>
      <dif:URL>http://geoportal.catastro.gob.do:80/geoserver/ows?outputFormat=SHAPE-ZIP&amp;service=WFS&amp;srs=EPSG%3A32619&amp;request=GetFeature&amp;format_options=charset%3AUTF-8&amp;typename=geonode%3Asectores_Distrito_Nacional&amp;version=1.0.0</dif:URL>
      <dif:Description>PROMEDIO DE VALOR CATASTRAL EN RD$ SECTORES DEL DISTRITO NACIONAL (Shapefile Comprimido Format)</dif:Description>
    </dif:Related_URL>
    <dif:Related_URL>
      <dif:URL_Content_Type>
        <dif:Type>WWW:DOWNLOAD-1.0-http--download</dif:Type>
      </dif:URL_Content_Type>
      <dif:URL>http://geoportal.catastro.gob.do:80/geoserver/ows?outputFormat=gml2&amp;service=WFS&amp;srs=EPSG%3A32619&amp;request=GetFeature&amp;typename=geonode%3Asectores_Distrito_Nacional&amp;version=1.0.0</dif:URL>
      <dif:Description>PROMEDIO DE VALOR CATASTRAL EN RD$ SECTORES DEL DISTRITO NACIONAL (GML 2.0 Format)</dif:Description>
    </dif:Related_URL>
    <dif:Related_URL>
      <dif:URL_Content_Type>
        <dif:Type>WWW:DOWNLOAD-1.0-http--download</dif:Type>
      </dif:URL_Content_Type>
      <dif:URL>http://geoportal.catastro.gob.do:80/geoserver/ows?outputFormat=text%2Fxml%3B+subtype%3Dgml%2F3.1.1&amp;service=WFS&amp;srs=EPSG%3A32619&amp;request=GetFeature&amp;typename=geonode%3Asectores_Distrito_Nacional&amp;version=1.0.0</dif:URL>
      <dif:Description>PROMEDIO DE VALOR CATASTRAL EN RD$ SECTORES DEL DISTRITO NACIONAL (GML 3.1.1 Format)</dif:Description>
    </dif:Related_URL>
    <dif:Related_URL>
      <dif:URL_Content_Type>
        <dif:Type>WWW:DOWNLOAD-1.0-http--download</dif:Type>
      </dif:URL_Content_Type>
      <dif:URL>http://geoportal.catastro.gob.do:80/geoserver/ows?outputFormat=csv&amp;service=WFS&amp;srs=EPSG%3A32619&amp;request=GetFeature&amp;typename=geonode%3Asectores_Distrito_Nacional&amp;version=1.0.0</dif:URL>
      <dif:Description>PROMEDIO DE VALOR CATASTRAL EN RD$ SECTORES DEL DISTRITO NACIONAL (CSV Format)</dif:Description>
    </dif:Related_URL>
    <dif:Related_URL>
      <dif:URL_Content_Type>
        <dif:Type>WWW:DOWNLOAD-1.0-http--download</dif:Type>
      </dif:URL_Content_Type>
      <dif:URL>http://geoportal.catastro.gob.do:80/geoserver/ows?outputFormat=excel&amp;service=WFS&amp;srs=EPSG%3A32619&amp;request=GetFeature&amp;typename=geonode%3Asectores_Distrito_Nacional&amp;version=1.0.0</dif:URL>
      <dif:Description>PROMEDIO DE VALOR CATASTRAL EN RD$ SECTORES DEL DISTRITO NACIONAL (Excel Format)</dif:Description>
    </dif:Related_URL>
    <dif:Related_URL>
      <dif:URL_Content_Type>
        <dif:Type>WWW:DOWNLOAD-1.0-http--download</dif:Type>
      </dif:URL_Content_Type>
      <dif:URL>http://geoportal.catastro.gob.do:80/geoserver/ows?srsName=EPSG%3A32619&amp;outputFormat=json&amp;service=WFS&amp;srs=EPSG%3A32619&amp;request=GetFeature&amp;typename=geonode%3Asectores_Distrito_Nacional&amp;version=1.0.0</dif:URL>
      <dif:Description>PROMEDIO DE VALOR CATASTRAL EN RD$ SECTORES DEL DISTRITO NACIONAL (GeoJSON Format)</dif:Description>
    </dif:Related_URL>
    <dif:Related_URL>
      <dif:URL_Content_Type>
        <dif:Type>WWW:LINK-1.0-http--link</dif:Type>
      </dif:URL_Content_Type>
      <dif:URL>http://geoportal.catastro.gob.do:80/layers/geonode:sectores_Distrito_Nacional</dif:URL>
      <dif:Description>Web address (URL)</dif:Description>
    </dif:Related_URL>
    <dif:Related_URL>
      <dif:URL_Content_Type>
        <dif:Type>WWW:DOWNLOAD-1.0-http--download</dif:Type>
      </dif:URL_Content_Type>
      <dif:URL>18.5481695476</dif:URL>
      <dif:Description>PROMEDIO DE VALOR CATASTRAL EN RD$ SECTORES DEL DISTRITO NACIONAL (Remote Thumbnail Format)</dif:Description>
    </dif:Related_URL>
    <dif:Related_URL>
      <dif:URL_Content_Type>
        <dif:Type>OGC:WMS</dif:Type>
      </dif:URL_Content_Type>
      <dif:URL>http://geoportal.catastro.gob.do:80/geoserver/ows</dif:URL>
      <dif:Description>OGC WMS: geonode Service</dif:Description>
    </dif:Related_URL>
    <dif:Related_URL>
      <dif:URL_Content_Type>
        <dif:Type>OGC:WFS</dif:Type>
      </dif:URL_Content_Type>
      <dif:URL>http://geoportal.catastro.gob.do:80/geoserver/ows</dif:URL>
      <dif:Description>OGC WFS: geonode Service</dif:Description>
    </dif:Related_URL>
    <dif:Related_URL>
      <dif:URL_Content_Type>
        <dif:Type>WWW:DOWNLOAD-1.0-http--download</dif:Type>
      </dif:URL_Content_Type>
      <dif:URL>http://geoportal.catastro.gob.do:80/uploaded/thumbs/layer-2efd7200-c8a8-11e9-8298-0242ac120003-thumb.png</dif:URL>
      <dif:Description>PROMEDIO DE VALOR CATASTRAL EN RD$ SECTORES DEL DISTRITO NACIONAL (Thumbnail Format)</dif:Description>
    </dif:Related_URL>
    <dif:Metadata_Name>CEOS IDN DIF</dif:Metadata_Name>
    <dif:Metadata_Version>9.7</dif:Metadata_Version>
  </dif:DIF>
</csw:GetRecordByIdResponse>
