<?xml version="1.0" encoding="UTF-8" standalone="no"?>
<!-- pycsw 2.4.0 -->
<csw:GetRecordByIdResponse xmlns:csw="http://www.opengis.net/cat/csw/2.0.2" xmlns:dc="http://purl.org/dc/elements/1.1/" xmlns:dct="http://purl.org/dc/terms/" xmlns:gmd="http://www.isotc211.org/2005/gmd" xmlns:gml="http://www.opengis.net/gml" xmlns:ows="http://www.opengis.net/ows" xmlns:xs="http://www.w3.org/2001/XMLSchema" xmlns:xsi="http://www.w3.org/2001/XMLSchema-instance" xsi:schemaLocation="http://www.opengis.net/cat/csw/2.0.2 http://schemas.opengis.net/csw/2.0.2/CSW-discovery.xsd">
  <metadata xsi:noNamespaceSchemaLocation="http://www.fgdc.gov/metadata/fgdc-std-001-1998.xsd">
    <idinfo>
      <datasetid>2efd7200-c8a8-11e9-8298-0242ac120003</datasetid>
      <citation>
        <citeinfo>
          <title>PROMEDIO DE VALOR CATASTRAL EN RD$ SECTORES DEL DISTRITO NACIONAL</title>
          <publinfo>
            <publish>Marcos Cabrera</publish>
          </publinfo>
          <origin>Marcos Cabrera</origin>
          <geoform>vector</geoform>
          <onlink></onlink>
          <onlink type="WWW:DOWNLOAD-1.0-http--download">http://geoportal.catastro.gob.do:80/download/10</onlink>
          <onlink type="WWW:DOWNLOAD-1.0-http--download">http://geoportal.catastro.gob.do:80/geoserver/ows?layers=geonode%3Asectores_Distrito_Nacional&amp;service=WMS&amp;format=image%2Fjpeg&amp;request=GetMap&amp;height=550&amp;width=521&amp;bbox=394514.9375%2C2037241.375%2C407617.4375%2C2051059.125&amp;srs=EPSG%3A32619</onlink>
          <onlink type="WWW:DOWNLOAD-1.0-http--download">http://geoportal.catastro.gob.do:80/geoserver/ows?layers=geonode%3Asectores_Distrito_Nacional&amp;service=WMS&amp;format=application%2Fpdf&amp;request=GetMap&amp;height=550&amp;width=521&amp;bbox=394514.9375%2C2037241.375%2C407617.4375%2C2051059.125&amp;srs=EPSG%3A32619</onlink>
          <onlink type="WWW:DOWNLOAD-1.0-http--download">http://geoportal.catastro.gob.do:80/geoserver/ows?layers=geonode%3Asectores_Distrito_Nacional&amp;service=WMS&amp;format=image%2Fpng&amp;request=GetMap&amp;height=550&amp;width=521&amp;bbox=394514.9375%2C2037241.375%2C407617.4375%2C2051059.125&amp;srs=EPSG%3A32619</onlink>
          <onlink type="WWW:DOWNLOAD-1.0-http--download">http://geoportal.catastro.gob.do:80/geoserver/ows?outputFormat=SHAPE-ZIP&amp;service=WFS&amp;srs=EPSG%3A32619&amp;request=GetFeature&amp;format_options=charset%3AUTF-8&amp;typename=geonode%3Asectores_Distrito_Nacional&amp;version=1.0.0</onlink>
          <onlink type="WWW:DOWNLOAD-1.0-http--download">http://geoportal.catastro.gob.do:80/geoserver/ows?outputFormat=gml2&amp;service=WFS&amp;srs=EPSG%3A32619&amp;request=GetFeature&amp;typename=geonode%3Asectores_Distrito_Nacional&amp;version=1.0.0</onlink>
          <onlink type="WWW:DOWNLOAD-1.0-http--download">http://geoportal.catastro.gob.do:80/geoserver/ows?outputFormat=text%2Fxml%3B+subtype%3Dgml%2F3.1.1&amp;service=WFS&amp;srs=EPSG%3A32619&amp;request=GetFeature&amp;typename=geonode%3Asectores_Distrito_Nacional&amp;version=1.0.0</onlink>
          <onlink type="WWW:DOWNLOAD-1.0-http--download">http://geoportal.catastro.gob.do:80/geoserver/ows?outputFormat=csv&amp;service=WFS&amp;srs=EPSG%3A32619&amp;request=GetFeature&amp;typename=geonode%3Asectores_Distrito_Nacional&amp;version=1.0.0</onlink>
          <onlink type="WWW:DOWNLOAD-1.0-http--download">http://geoportal.catastro.gob.do:80/geoserver/ows?outputFormat=excel&amp;service=WFS&amp;srs=EPSG%3A32619&amp;request=GetFeature&amp;typename=geonode%3Asectores_Distrito_Nacional&amp;version=1.0.0</onlink>
          <onlink type="WWW:DOWNLOAD-1.0-http--download">http://geoportal.catastro.gob.do:80/geoserver/ows?srsName=EPSG%3A32619&amp;outputFormat=json&amp;service=WFS&amp;srs=EPSG%3A32619&amp;request=GetFeature&amp;typename=geonode%3Asectores_Distrito_Nacional&amp;version=1.0.0</onlink>
          <onlink type="WWW:LINK-1.0-http--link">http://geoportal.catastro.gob.do:80/layers/geonode:sectores_Distrito_Nacional</onlink>
          <onlink type="WWW:DOWNLOAD-1.0-http--download">18.5481695476</onlink>
          <onlink type="OGC:WMS">http://geoportal.catastro.gob.do:80/geoserver/ows</onlink>
          <onlink type="OGC:WFS">http://geoportal.catastro.gob.do:80/geoserver/ows</onlink>
          <onlink type="WWW:DOWNLOAD-1.0-http--download">http://geoportal.catastro.gob.do:80/uploaded/thumbs/layer-2efd7200-c8a8-11e9-8298-0242ac120003-thumb.png</onlink>
        </citeinfo>
      </citation>
      <keywords>
        <theme>
          <themekey>features</themekey>
          <themekey>sectores_Distrito_Nacional</themekey>
        </theme>
      </keywords>
      <accconst></accconst>
      <descript>
        <abstract>Contiene los valores catastrales promedios en RD$ en m² de terreno de los sectores del Distrito Nacional</abstract>
      </descript>
      <spdom>
        <bounding>
          <westbc>-69.9995231718</westbc>
          <eastbc>-69.8747481437</eastbc>
          <northbc>18.5481695476</northbc>
          <southbc>18.4226849839</southbc>
        </bounding>
      </spdom>
      <datacred>Marcos Cabrera</datacred>
      <spdoinfo>
        <direct>dataset</direct>
      </spdoinfo>
    </idinfo>
    <distinfo>
      <stdorder>
        <digform>
          <digtinfo>
            <formname>vector</formname>
          </digtinfo>
        </digform>
      </stdorder>
    </distinfo>
    <lineage>
      <srcinfo>
        <srccite>
          <citeinfo>
            <title></title>
          </citeinfo>
        </srccite>
      </srcinfo>
    </lineage>
    <metainfo>
      <metd>2019-08-27T08:53:00Z</metd>
    </metainfo>
  </metadata>
</csw:GetRecordByIdResponse>
