<?xml version="1.0" encoding="UTF-8" standalone="no"?>
<!-- pycsw 2.4.0 -->
<csw:GetRecordByIdResponse xmlns:csw="http://www.opengis.net/cat/csw/2.0.2" xmlns:dc="http://purl.org/dc/elements/1.1/" xmlns:dct="http://purl.org/dc/terms/" xmlns:gmd="http://www.isotc211.org/2005/gmd" xmlns:gml="http://www.opengis.net/gml" xmlns:ows="http://www.opengis.net/ows" xmlns:xs="http://www.w3.org/2001/XMLSchema" xmlns:xsi="http://www.w3.org/2001/XMLSchema-instance" xsi:schemaLocation="http://www.opengis.net/cat/csw/2.0.2 http://schemas.opengis.net/csw/2.0.2/CSW-discovery.xsd">
  <csw:Record>
    <dc:identifier>31c17df4-7dfc-11ec-b2c5-0242ac120005</dc:identifier>
    <dc:title>División Político Administrativa Municipal de la República Dominicana</dc:title>
    <dc:type>dataset</dc:type>
    <dc:subject>MUNICIPIOS</dc:subject>
    <dc:subject>República Dominicana</dc:subject>
    <dc:format>vector</dc:format>
    <dct:references scheme="WWW:DOWNLOAD-1.0-http--download">http://iderd.ign.gob.do:80/download/152</dct:references>
    <dct:references scheme="WWW:DOWNLOAD-1.0-http--download">http://iderd.ign.gob.do:80/geoserver/ows?layers=geonode%3ARD_MUN_20211130&amp;service=WMS&amp;format=image%2Fjpeg&amp;request=GetMap&amp;height=550&amp;width=550&amp;bbox=182259.953125000000000%2C1933557.000000000000000%2C571428.437500000000000%2C2205210.750000000000000&amp;srs=EPSG%3A32619</dct:references>
    <dct:references scheme="WWW:DOWNLOAD-1.0-http--download">http://iderd.ign.gob.do:80/geoserver/ows?layers=geonode%3ARD_MUN_20211130&amp;service=WMS&amp;format=application%2Fpdf&amp;request=GetMap&amp;height=550&amp;width=550&amp;bbox=182259.953125000000000%2C1933557.000000000000000%2C571428.437500000000000%2C2205210.750000000000000&amp;srs=EPSG%3A32619</dct:references>
    <dct:references scheme="WWW:DOWNLOAD-1.0-http--download">http://iderd.ign.gob.do:80/geoserver/ows?layers=geonode%3ARD_MUN_20211130&amp;service=WMS&amp;format=image%2Fpng&amp;request=GetMap&amp;height=550&amp;width=550&amp;bbox=182259.953125000000000%2C1933557.000000000000000%2C571428.437500000000000%2C2205210.750000000000000&amp;srs=EPSG%3A32619</dct:references>
    <dct:references scheme="WWW:DOWNLOAD-1.0-http--download">http://iderd.ign.gob.do:80/geoserver/ows?outputFormat=SHAPE-ZIP&amp;service=WFS&amp;srs=EPSG%3A32619&amp;request=GetFeature&amp;format_options=charset%3AUTF-8&amp;typename=geonode%3ARD_MUN_20211130&amp;version=1.0.0</dct:references>
    <dct:references scheme="WWW:DOWNLOAD-1.0-http--download">http://iderd.ign.gob.do:80/geoserver/ows?outputFormat=gml2&amp;service=WFS&amp;srs=EPSG%3A32619&amp;request=GetFeature&amp;typename=geonode%3ARD_MUN_20211130&amp;version=1.0.0</dct:references>
    <dct:references scheme="WWW:DOWNLOAD-1.0-http--download">http://iderd.ign.gob.do:80/geoserver/ows?outputFormat=text%2Fxml%3B+subtype%3Dgml%2F3.1.1&amp;service=WFS&amp;srs=EPSG%3A32619&amp;request=GetFeature&amp;typename=geonode%3ARD_MUN_20211130&amp;version=1.0.0</dct:references>
    <dct:references scheme="WWW:DOWNLOAD-1.0-http--download">http://iderd.ign.gob.do:80/geoserver/ows?outputFormat=csv&amp;service=WFS&amp;srs=EPSG%3A32619&amp;request=GetFeature&amp;typename=geonode%3ARD_MUN_20211130&amp;version=1.0.0</dct:references>
    <dct:references scheme="WWW:DOWNLOAD-1.0-http--download">http://iderd.ign.gob.do:80/geoserver/ows?outputFormat=excel&amp;service=WFS&amp;srs=EPSG%3A32619&amp;request=GetFeature&amp;typename=geonode%3ARD_MUN_20211130&amp;version=1.0.0</dct:references>
    <dct:references scheme="WWW:DOWNLOAD-1.0-http--download">http://iderd.ign.gob.do:80/geoserver/ows?srsName=EPSG%3A32619&amp;outputFormat=json&amp;service=WFS&amp;srs=EPSG%3A32619&amp;request=GetFeature&amp;typename=geonode%3ARD_MUN_20211130&amp;version=1.0.0</dct:references>
    <dct:references scheme="WWW:DOWNLOAD-1.0-http--download">http://iderd.ign.gob.do:80/geoserver/ows?outputFormat=SHAPE-ZIP&amp;service=WFS&amp;srs=EPSG%3A32619&amp;request=GetFeature&amp;format_options=charset%3AUTF-8&amp;typename=geonode%3ARD_MUN_20211130&amp;version=1.0.0</dct:references>
    <dct:references scheme="WWW:LINK-1.0-http--link">http://iderd.ign.gob.do:80/layers/geonode_data:geonode:RD_MUN_20211130</dct:references>
    <dct:references scheme="WWW:DOWNLOAD-1.0-http--download">http://iderd.ign.gob.do:80/geoserver/ows?service=WMS&amp;request=GetLegendGraphic&amp;format=image/png&amp;WIDTH=20&amp;HEIGHT=20&amp;LAYER=geonode:RD_MUN_20211130&amp;STYLE=RD_MUN_20211130&amp;legend_options=fontAntiAliasing:true;fontSize:12;forceLabels:on</dct:references>
    <dct:references scheme="WWW:DOWNLOAD-1.0-http--download">19.9420233331</dct:references>
    <dct:references scheme="WWW:DOWNLOAD-1.0-http--download">http://iderd.ign.gob.do:80/uploaded/thumbs/layer-31c17df4-7dfc-11ec-b2c5-0242ac120005-thumb.png</dct:references>
    <dct:references scheme="OGC:WMS">http://iderd.ign.gob.do:80/geoserver/ows</dct:references>
    <dct:references scheme="OGC:WFS">http://iderd.ign.gob.do:80/geoserver/ows</dct:references>
    <dct:modified>2021-11-30T16:31:00Z</dct:modified>
    <dct:abstract>Capa cartográfica correspondiente a la división político administrativa de nivel municipal de la República Dominicana, actualizada de acuerdo a las leyes emitidas por el Congreso Nacional a diciembre de 2018.</dct:abstract>
    <dc:date>2021-11-30T16:31:00Z</dc:date>
    <dc:creator>Dirección de Cartografía</dc:creator>
    <dc:publisher>Dirección de Cartografía</dc:publisher>
    <dc:contributor>Dirección de Cartografía</dc:contributor>
    <dc:language>spa</dc:language>
    <dct:alternative>geonode:RD_MUN_20211130</dct:alternative>
    <dct:spatial scheme="http://www.opengis.net/def/crs">EPSG:32619</dct:spatial>
    <ows:BoundingBox crs="urn:x-ogc:def:crs:EPSG:6.11:4326" dimensions="2">
      <ows:LowerCorner>17.465624 -72.034838</ows:LowerCorner>
      <ows:UpperCorner>19.942023 -68.317424</ows:UpperCorner>
    </ows:BoundingBox>
  </csw:Record>
</csw:GetRecordByIdResponse>
