<?xml version="1.0" encoding="UTF-8" standalone="no"?>
<!-- pycsw 2.4.0 -->
<csw:GetRecordByIdResponse xmlns:atom="http://www.w3.org/2005/Atom" xmlns:csw="http://www.opengis.net/cat/csw/2.0.2" xmlns:dc="http://purl.org/dc/elements/1.1/" xmlns:dct="http://purl.org/dc/terms/" xmlns:gmd="http://www.isotc211.org/2005/gmd" xmlns:gml="http://www.opengis.net/gml" xmlns:ows="http://www.opengis.net/ows" xmlns:xs="http://www.w3.org/2001/XMLSchema" xmlns:xsi="http://www.w3.org/2001/XMLSchema-instance" xsi:schemaLocation="http://www.opengis.net/cat/csw/2.0.2 http://schemas.opengis.net/csw/2.0.2/CSW-discovery.xsd">
  <atom:entry xmlns:georss="http://www.georss.org/georss" xsi:schemaLocation="http://www.w3.org/2005/Atom http://www.kbcafe.com/rss/atom.xsd.xml">
    <atom:author>
      <atom:name>Dirección de Cartografía</atom:name>
    </atom:author>
    <atom:category term="PLANIFICACION"/>
    <atom:category term="REGIONES"/>
    <atom:category term="REPUBLICA DOMINICANA"/>
    <atom:contributor>Dirección de Cartografía</atom:contributor>
    <atom:id>1c8817de-7dfe-11ec-873e-0242ac120005</atom:id>
    <dc:identifier>1c8817de-7dfe-11ec-873e-0242ac120005</dc:identifier>
    <atom:link href="http://iderd.ign.gob.do:80/download/154" title="Regiones de Planificación (Original Dataset Format)" type="WWW:DOWNLOAD-1.0-http--download"/>
    <atom:link href="http://iderd.ign.gob.do:80/geoserver/ows?layers=geonode%3ARD_REG_20211130&amp;service=WMS&amp;format=image%2Fjpeg&amp;request=GetMap&amp;height=550&amp;width=550&amp;bbox=182259.953125000000000%2C1933557.000000000000000%2C571428.437500000000000%2C2205210.750000000000000&amp;srs=EPSG%3A32619" title="Regiones de Planificación (JPEG Format)" type="WWW:DOWNLOAD-1.0-http--download"/>
    <atom:link href="http://iderd.ign.gob.do:80/geoserver/ows?layers=geonode%3ARD_REG_20211130&amp;service=WMS&amp;format=application%2Fpdf&amp;request=GetMap&amp;height=550&amp;width=550&amp;bbox=182259.953125000000000%2C1933557.000000000000000%2C571428.437500000000000%2C2205210.750000000000000&amp;srs=EPSG%3A32619" title="Regiones de Planificación (PDF Format)" type="WWW:DOWNLOAD-1.0-http--download"/>
    <atom:link href="http://iderd.ign.gob.do:80/geoserver/ows?layers=geonode%3ARD_REG_20211130&amp;service=WMS&amp;format=image%2Fpng&amp;request=GetMap&amp;height=550&amp;width=550&amp;bbox=182259.953125000000000%2C1933557.000000000000000%2C571428.437500000000000%2C2205210.750000000000000&amp;srs=EPSG%3A32619" title="Regiones de Planificación (PNG Format)" type="WWW:DOWNLOAD-1.0-http--download"/>
    <atom:link href="http://iderd.ign.gob.do:80/geoserver/ows?outputFormat=SHAPE-ZIP&amp;service=WFS&amp;srs=EPSG%3A32619&amp;request=GetFeature&amp;format_options=charset%3AUTF-8&amp;typename=geonode%3ARD_REG_20211130&amp;version=1.0.0" title="Regiones de Planificación (Zipped Shapefile Format)" type="WWW:DOWNLOAD-1.0-http--download"/>
    <atom:link href="http://iderd.ign.gob.do:80/geoserver/ows?outputFormat=gml2&amp;service=WFS&amp;srs=EPSG%3A32619&amp;request=GetFeature&amp;typename=geonode%3ARD_REG_20211130&amp;version=1.0.0" title="Regiones de Planificación (GML 2.0 Format)" type="WWW:DOWNLOAD-1.0-http--download"/>
    <atom:link href="http://iderd.ign.gob.do:80/geoserver/ows?outputFormat=text%2Fxml%3B+subtype%3Dgml%2F3.1.1&amp;service=WFS&amp;srs=EPSG%3A32619&amp;request=GetFeature&amp;typename=geonode%3ARD_REG_20211130&amp;version=1.0.0" title="Regiones de Planificación (GML 3.1.1 Format)" type="WWW:DOWNLOAD-1.0-http--download"/>
    <atom:link href="http://iderd.ign.gob.do:80/geoserver/ows?outputFormat=csv&amp;service=WFS&amp;srs=EPSG%3A32619&amp;request=GetFeature&amp;typename=geonode%3ARD_REG_20211130&amp;version=1.0.0" title="Regiones de Planificación (CSV Format)" type="WWW:DOWNLOAD-1.0-http--download"/>
    <atom:link href="http://iderd.ign.gob.do:80/geoserver/ows?outputFormat=excel&amp;service=WFS&amp;srs=EPSG%3A32619&amp;request=GetFeature&amp;typename=geonode%3ARD_REG_20211130&amp;version=1.0.0" title="Regiones de Planificación (Excel Format)" type="WWW:DOWNLOAD-1.0-http--download"/>
    <atom:link href="http://iderd.ign.gob.do:80/geoserver/ows?srsName=EPSG%3A32619&amp;outputFormat=json&amp;service=WFS&amp;srs=EPSG%3A32619&amp;request=GetFeature&amp;typename=geonode%3ARD_REG_20211130&amp;version=1.0.0" title="Regiones de Planificación (GeoJSON Format)" type="WWW:DOWNLOAD-1.0-http--download"/>
    <atom:link href="http://iderd.ign.gob.do:80/geoserver/ows?outputFormat=SHAPE-ZIP&amp;service=WFS&amp;srs=EPSG%3A32619&amp;request=GetFeature&amp;format_options=charset%3AUTF-8&amp;typename=geonode%3ARD_REG_20211130&amp;version=1.0.0" title="Regiones de Planificación (Shapefile Comprimido Format)" type="WWW:DOWNLOAD-1.0-http--download"/>
    <atom:link href="http://iderd.ign.gob.do:80/layers/geonode_data:geonode:RD_REG_20211130" title="Web address (URL)" type="WWW:LINK-1.0-http--link"/>
    <atom:link href="http://iderd.ign.gob.do:80/geoserver/ows?service=WMS&amp;request=GetLegendGraphic&amp;format=image/png&amp;WIDTH=20&amp;HEIGHT=20&amp;LAYER=geonode:RD_REG_20211130&amp;STYLE=RD_REG_20211130&amp;legend_options=fontAntiAliasing:true;fontSize:12;forceLabels:on" title="Regiones de Planificación (Legend Format)" type="WWW:DOWNLOAD-1.0-http--download"/>
    <atom:link href="19.9420233331" title="Regiones de Planificación (Remote Thumbnail Format)" type="WWW:DOWNLOAD-1.0-http--download"/>
    <atom:link href="http://iderd.ign.gob.do:80/uploaded/thumbs/layer-1c8817de-7dfe-11ec-873e-0242ac120005-thumb.png" title="Regiones de Planificación (Thumbnail Format)" type="WWW:DOWNLOAD-1.0-http--download"/>
    <atom:link href="http://iderd.ign.gob.do:80/geoserver/ows" title="OGC WMS: geonode Service" type="OGC:WMS"/>
    <atom:link href="http://iderd.ign.gob.do:80/geoserver/ows" title="OGC WFS: geonode Service" type="OGC:WFS"/>
    <atom:link href="http://iderd.ign.gob.do:80/catalogue/csw?service=CSW&amp;version=2.0.2&amp;request=GetRepositoryItem&amp;id=1c8817de-7dfe-11ec-873e-0242ac120005"/>
    <atom:title>Regiones de Planificación</atom:title>
    <atom:updated>2021-11-30T16:44:00Z</atom:updated>
    <atom:published>2021-11-30T16:44:00Z</atom:published>
    <atom:summary>Capa cartográfica correspondiente a la división de la República Dominicana en regiones de planificación (10), acorde al decreto no. 710-04 de fecha 30 de julio de 2004.</atom:summary>
    <georss:where>
      <gml:Envelope srsName="http://www.opengis.net/def/crs/EPSG/0/4326">
        <gml:lowerCorner>17.465624 -72.034838</gml:lowerCorner>
        <gml:upperCorner>19.942023 -68.317424</gml:upperCorner>
      </gml:Envelope>
    </georss:where>
  </atom:entry>
</csw:GetRecordByIdResponse>
